dataset,objective,k,algorithm,psnr_mean,psnr_std,ssim_mean,ssim_std,uniformity_mean,uniformity_std,class_separability_mean,class_separability_std
chaos,kapur,3,late_acceptance_de,23.922732339250025,3.2664417908604126,0.6509118697516588,0.2916232732600873,0.9653821459764896,0.03759474294187143,0.9104361982707192,0.09590860575946401
chaos,kapur,5,late_acceptance_de,29.552237257601305,1.076773661727183,0.9106500383414596,0.026774436818855957,0.9885488564594294,0.00311042273014771,0.9835468104945093,0.005624415042752081
chaos,kapur,7,late_acceptance_de,32.53983345472284,0.8798819866906032,0.9394767866976534,0.016447701412905056,0.9920416105056827,0.001563142249892555,0.9918444668195858,0.0023347472328654577
chaos,kapur,9,late_acceptance_de,34.21922774782345,0.9770359477695395,0.9532142250650337,0.013913082958624085,0.9930127683849459,0.0015913534837010163,0.9944295694411702,0.0017563603838482574
chaos,kapur,11,late_acceptance_de,35.539051728507495,0.9808574576354854,0.9625423364749538,0.011705934229905395,0.9936962468970517,0.0014476340675324008,0.9958903293512532,0.001316591617752586
chaos,kapur,12,late_acceptance_de,36.167448603531334,1.0023196649492967,0.9662399888047776,0.010755289967089278,0.9940456062407428,0.001362680518814622,0.9964448195476757,0.0011250102107714334
chaos,otsu,3,late_acceptance_de,27.8830966433869,0.8926661897859228,0.8663665492957203,0.04114202675103667,0.9900275040613913,0.0019946105326592335,0.9759661061496643,0.007574074029622848
chaos,otsu,5,late_acceptance_de,31.41381463088464,0.8965238367886953,0.9242985528372866,0.022041302708488024,0.9926289331888465,0.001454580881349767,0.9894262955925451,0.0029655028542161983
chaos,otsu,7,late_acceptance_de,33.75697447398551,0.9525641731966389,0.9486969574189985,0.014972355284560753,0.9939698851033826,0.0012384593758278252,0.993861853474443,0.0016088689059947417
chaos,otsu,9,late_acceptance_de,35.29251030597148,0.9637592659359078,0.9607318870761397,0.012197296251263003,0.994553149885081,0.001131876033560752,0.995695420173722,0.0011073129802109621
chaos,otsu,11,late_acceptance_de,36.53725601633011,0.9430037480617458,0.9687581464212507,0.009779140015261105,0.995007148147287,0.0010081309554703616,0.9967713166197397,0.0008174585087057723
chaos,otsu,12,late_acceptance_de,37.10469317373092,0.9660264587434129,0.9717500814972293,0.00888405016075153,0.9952153177769488,0.0009879610233085427,0.9971690813959299,0.0007080349435195197
chaos,tsallis,3,late_acceptance_de,19.218112066224382,1.6512850493749172,0.26496379363144446,0.036983991118043937,0.9224181702628579,0.032917322279156204,0.8128440987419546,0.09185324438011361
chaos,tsallis,5,late_acceptance_de,21.6013714002596,1.1181150578062493,0.3337098159390946,0.04573882391854771,0.9285161883619794,0.018436847611996477,0.8963148412231837,0.0406486272895096
chaos,tsallis,7,late_acceptance_de,23.35352544755462,1.4039508165544827,0.3925961537343794,0.05975728463286685,0.9318088902482339,0.022711621556065674,0.9285945568277223,0.03239060218728328
chaos,tsallis,9,late_acceptance_de,25.72076937908511,2.1793628418630666,0.49682665188019365,0.11529118634082507,0.9458292402508097,0.025787349214842645,0.9557858222946995,0.02400731226107898
chaos,tsallis,11,late_acceptance_de,30.566971787775852,3.6295813370958103,0.7297826047625952,0.18862994861313864,0.9730050143098731,0.022675693300852624,0.9800765211382109,0.02015874126104208
chaos,tsallis,12,late_acceptance_de,32.640732228678694,3.6075340479412477,0.8167317283925517,0.1744882487543653,0.9808744073793246,0.01934330856790937,0.9864497560383862,0.0169641131103624
