objective,k,algorithm,psnr_mean,psnr_std,ssim_mean,ssim_std,uniformity_mean,uniformity_std
kapur,3,late_acceptance_de,19.482936561443132,1.635331038911652,0.7330101228962139,0.045510521652551504,0.9244228806041765,0.02989660335931004
kapur,3,standard_de,19.485498351685425,1.6350280162991808,0.7330776588528433,0.04552940498598354,0.9244645516696873,0.029903441181020188
kapur,5,late_acceptance_de,22.480138302819373,2.4816387785668397,0.808133679042087,0.03362312013961844,0.9316090465820946,0.03901995203653365
kapur,5,standard_de,22.468513280836977,2.473106441024021,0.8076749172514538,0.0334570202119002,0.9314837646181153,0.03895249014602417
kapur,7,late_acceptance_de,25.545531194040496,3.474729837009769,0.8462329601343916,0.029862772827413713,0.9435830084338549,0.05420184892535479
kapur,7,standard_de,25.61844292279386,3.475424762791393,0.8471625689247456,0.03296396850277818,0.9443727478318836,0.053181751933985486
kapur,9,late_acceptance_de,28.940934775157785,3.781414400184382,0.870175772011878,0.028320362136928262,0.958497144634133,0.0630803413373782
kapur,9,standard_de,28.852884552521065,3.790600336224971,0.8696288001758139,0.027840868041127526,0.9576336934936084,0.0643038749321765
kapur,11,late_acceptance_de,30.29233255224337,3.9450465313757026,0.8894168195033683,0.0295568445596075,0.958430393410478,0.07374924976578372
kapur,11,standard_de,30.23950221755934,3.872874030257133,0.8882405056843639,0.028327275288405437,0.9592369637241936,0.06997036269421995
kapur,12,late_acceptance_de,31.09995142308192,3.892387855937846,0.8994358432709686,0.027900745588244485,0.9612057986389332,0.0737143686593582
kapur,12,standard_de,30.909372390077138,4.027068156520505,0.8986428065464539,0.02810141312100253,0.9586811220142999,0.07689755038140249
otsu,3,late_acceptance_de,24.537008065541404,1.1806202814958302,0.7418989557703911,0.034657675179075455,0.9774358782448286,0.005017220659961653
otsu,3,standard_de,24.537008065541404,1.1806202814958302,0.7418989557703911,0.034657675179075455,0.9774358782448286,0.005017220659961653
otsu,5,late_acceptance_de,28.32822142295432,1.1253176589866094,0.8371275300460814,0.029613500903169755,0.9843496261222012,0.003175886292445515
otsu,5,standard_de,28.32822230174684,1.1253169779005419,0.8371258044506267,0.02961494286895236,0.9843496297546881,0.003175883651619291
otsu,7,late_acceptance_de,30.798186792923595,1.1365090409327467,0.8828484900078422,0.018417911374725614,0.9875810139689928,0.002595857727791482
otsu,7,standard_de,30.867141236550815,1.139313136640614,0.8840805134821409,0.017962375076750674,0.9877775742384777,0.002548052902540302
otsu,9,late_acceptance_de,32.416338621484584,1.2275967302251427,0.908599063864008,0.016198714012211055,0.9889448770867144,0.0024686983922872843
otsu,9,standard_de,32.47921148982818,1.2042543421316234,0.9090669394239096,0.01622402286875238,0.9891136841292234,0.002400238346325747
otsu,11,late_acceptance_de,33.74138748228793,1.2606280987948542,0.9259797160488502,0.013981775516103086,0.9900197536083516,0.0022787016138171344
otsu,11,standard_de,33.754501199402,1.2722548864400032,0.925642639988551,0.014198533373427292,0.9900445605670513,0.0022967549709109066
otsu,12,late_acceptance_de,34.29624692122939,1.2471409478359754,0.9322742286381818,0.012741045292880577,0.9904212580467703,0.002187072311927004
otsu,12,standard_de,34.33686062221377,1.2678184596413489,0.9327592767129158,0.012956866415941466,0.9905021971032456,0.0021971016998248425
tsallis,3,late_acceptance_de,19.96861791788002,1.5105688682584797,0.7367714398631688,0.038810281948210096,0.9330560161737164,0.025703303958151236
tsallis,3,standard_de,19.967879740525508,1.5121858563840453,0.7367779638917764,0.03880962408794329,0.9330335277176995,0.025760615575616597
tsallis,5,late_acceptance_de,22.27752292530908,1.9059610135121348,0.8104510603346957,0.03149204739433379,0.9317765357472229,0.03605832173955409
tsallis,5,standard_de,22.275659706222946,1.9052152039733037,0.8104685698228087,0.03168256771309807,0.9317557595182983,0.03604498843665714
tsallis,7,late_acceptance_de,24.86545381240971,2.7262967308555597,0.8529105190920264,0.022795387003067744,0.940541266008763,0.049681719780445915
tsallis,7,standard_de,24.928497964136742,2.7595986736158817,0.8545931623480059,0.021467524405485192,0.9412577258597817,0.049000085766329526
tsallis,9,late_acceptance_de,26.8159182005653,3.2055603870604017,0.8821046886639214,0.024986019303919766,0.9454758095507735,0.059151033689512106
tsallis,9,standard_de,26.72415542915783,3.1666552090949747,0.8803852176198161,0.025693164212572655,0.945474665394485,0.05569944719344482
tsallis,11,late_acceptance_de,27.982047077936446,3.418030583621747,0.899139423018995,0.027693314813503844,0.9450458423475723,0.06954656991112891
tsallis,11,standard_de,27.96884279045965,3.4248142650000615,0.9000428087051828,0.02705601818138881,0.9457359296544406,0.06476387365846271
tsallis,12,late_acceptance_de,28.62697101166307,3.6094662130500943,0.9060132305420939,0.027792554984583447,0.9459044610420034,0.07226728645849004
tsallis,12,standard_de,28.599908389677598,3.55811194601428,0.906813872927306,0.026751881394505836,0.9462912898350392,0.07032004608631309
