image_id,objective,k,algorithm,psnr_mean,psnr_std,ssim_mean,ssim_std,uniformity_mean,uniformity_std
img1,kapur,3,jade,21.74719340587398,0.0,0.7850490969229609,0.0,0.9592365223048424,0.0
img1,kapur,3,late_acceptance_de,21.74719340587398,0.0,0.7850490969229609,0.0,0.9592365223048424,0.0
img1,kapur,3,standard_de,21.74719340587398,0.0,0.7850490969229609,0.0,0.9592365223048424,0.0
img1,kapur,5,jade,23.37067168006092,0.003037592519422385,0.8532938663165835,0.0003129630894335823,0.953251007763927,3.272771268248343e-05
img1,kapur,5,late_acceptance_de,23.374258781460153,0.01646602256061289,0.8533744997702453,0.0002020218351298453,0.953289293188946,0.00017544142237204785
img1,kapur,5,standard_de,23.387009838557148,0.058388311516943806,0.8533235022115726,0.0002775505385538391,0.9534225507993498,0.0006120093160518877
img1,kapur,7,jade,25.11006627295726,0.06747373772057971,0.8685588412226781,0.0012156446404340416,0.956145757612978,0.0006857560732400943
img1,kapur,7,late_acceptance_de,24.936574685641226,0.3994519187128062,0.8679537294966215,0.006256857451182427,0.9541777021486645,0.004195961209678227
img1,kapur,7,standard_de,24.94230665956223,0.23244435778490688,0.870630571086257,0.003694151425199488,0.9543604117085691,0.002465633781220996
img1,kapur,9,jade,25.806868661428528,0.2541146174534977,0.8911337625269653,0.0023390632886775083,0.9519014514909891,0.0027475142779355014
img1,kapur,9,late_acceptance_de,29.889904917112357,1.7712874253494943,0.8808035376212153,0.009851945008711137,0.9793067288933774,0.011392743645051563
img1,kapur,9,standard_de,29.208712904639942,2.3175864436171665,0.8829339909317676,0.007750377555907558,0.9744451401104546,0.015537081068642026
img1,kapur,11,jade,32.41078101646339,0.2637362978768353,0.9012806466465624,0.003293830001595054,0.9871487498201933,0.0007614837961838091
img1,kapur,11,late_acceptance_de,31.753996177564794,0.681747295051482,0.8951285269066355,0.011618894309095148,0.9848907704871533,0.002535487892279219
img1,kapur,11,standard_de,31.71071028891507,0.8211218364115848,0.8949325079775262,0.014220140581323683,0.9846464613071426,0.0032344995719898666
img1,kapur,12,jade,32.94571609657263,0.1493455531910601,0.9069013690370397,0.002593022463482352,0.9876198113583234,0.00042599903431098806
img1,kapur,12,late_acceptance_de,32.58704449041171,0.6354050647723885,0.9074430992969733,0.009506262228347946,0.9864217057082402,0.001995132014033969
img1,kapur,12,standard_de,32.3958173841447,0.8310621602636906,0.9052552607805117,0.0124924782267105,0.9856972529523136,0.0029021693128657967
img1,otsu,3,jade,23.75028272438977,0.0,0.7676056734798059,0.0,0.974298273580151,0.0
img1,otsu,3,late_acceptance_de,23.75028272438977,0.0,0.7676056734798059,0.0,0.974298273580151,0.0
img1,otsu,3,standard_de,23.75028272438977,0.0,0.7676056734798059,0.0,0.974298273580151,0.0
img1,otsu,5,jade,27.78373989936291,0.00024505350800344515,0.8489109987638864,0.000254793172613342,0.9830774685751155,9.549897216091717e-07
img1,otsu,5,late_acceptance_de,27.783795410746414,0.0,0.8488654215779772,0.0,0.9830776849030386,0.0
img1,otsu,5,standard_de,27.783795410746414,0.0,0.8488654215779772,0.0,0.9830776849030386,0.0
img1,otsu,7,jade,30.347017249400196,0.002568845006383502,0.8792935346412661,0.00023602753144760522,0.9868699704742148,7.766830096785542e-06
img1,otsu,7,late_acceptance_de,30.241972683380553,0.12253403455711692,0.8797237977586806,0.002302041717016675,0.9865432965597534,0.00038479581163220996
img1,otsu,7,standard_de,30.295306210917577,0.09598904835749895,0.8796302274497231,0.002277812908091806,0.9867095269944536,0.00029875466782608255
img1,otsu,9,jade,32.34099975019591,0.00816140108502007,0.9083635787298451,0.0005781085497751124,0.9893337295801712,2.0051366702960073e-05
img1,otsu,9,late_acceptance_de,31.729549730399924,0.1416582070409544,0.9045416233677613,0.004107520133800977,0.9877148893469219,0.0003978065074215865
img1,otsu,9,standard_de,31.82966729542634,0.210563333348256,0.9056047296906158,0.004888894563229576,0.9879875265290945,0.0005718567865053679
img1,otsu,11,jade,33.917459405435025,0.025062801481488952,0.9246326452948455,0.0008931540645761414,0.9909317584686381,5.266435593281703e-05
img1,otsu,11,late_acceptance_de,33.011758812970236,0.17667265225220974,0.9199811205650003,0.005155669251665057,0.9888202718172179,0.000450514401448479
img1,otsu,11,standard_de,32.9586275517517,0.15034451943720045,0.9172263062807674,0.0049625915820710595,0.9886851540780713,0.00038684068103536976
img1,otsu,12,jade,34.646376109258235,0.03300469343185405,0.9355011600220692,0.0008056637293480613,0.9916357870335074,6.364156409776235e-05
img1,otsu,12,late_acceptance_de,33.53060291064043,0.1689086160501325,0.9252207873182832,0.004159917543773405,0.9891780488286499,0.0004165943131313128
img1,otsu,12,standard_de,33.55804388449647,0.28472908328347046,0.9250860001992779,0.0048923809530531165,0.9892322934530318,0.000677598908727
img1,tsallis,3,jade,21.834519104056888,0.0,0.7833586506205218,0.0,0.9600479877201501,0.0
img1,tsallis,3,late_acceptance_de,21.834519104056888,0.0,0.7833586506205218,0.0,0.9600479877201501,0.0
img1,tsallis,3,standard_de,21.834519104056888,0.0,0.7833586506205218,0.0,0.9600479877201501,0.0
img1,tsallis,5,jade,23.67714043087287,0.0014668161664835328,0.8527353001192013,0.00019720458959274472,0.9564362457577278,1.471619265470741e-05
img1,tsallis,5,late_acceptance_de,23.679218645249996,0.011303298069775793,0.8526331387998187,0.0005769311049724514,0.9564569476519516,0.00011257781974864095
img1,tsallis,5,standard_de,23.677154954807655,0.0,0.852738471526592,0.0,0.9564363938481679,0.0
img1,tsallis,7,jade,25.179346795340823,0.044206985565188775,0.8675592266923711,0.0013496366860516963,0.9568427010650665,0.0004342208361967569
img1,tsallis,7,late_acceptance_de,25.215428353694623,0.4239522829142601,0.8675056940498143,0.005514925947425279,0.9570026261536212,0.004256700782183372
img1,tsallis,7,standard_de,25.225766274674495,0.2803042676712743,0.8683676312758359,0.0022610922817835775,0.957219440639013,0.0026791989501759317
img1,tsallis,9,jade,26.396886691547174,0.1805333068046386,0.8911872337990404,0.002464357123353757,0.9580445592327785,0.001762155429493202
img1,tsallis,9,late_acceptance_de,26.496981633596118,0.6592007950477565,0.8886997676044285,0.006863176027578713,0.95858475152123,0.00613753639515919
img1,tsallis,9,standard_de,26.22309689209618,0.7900624039262254,0.8896690235717125,0.005726797078910464,0.955687669147876,0.007753272448937953
img1,tsallis,11,jade,27.32276936102858,0.24962207837672362,0.9094350688288478,0.0028975207535301096,0.9585355035374152,0.002372758928149318
img1,tsallis,11,late_acceptance_de,27.31420454856046,1.3491141412008445,0.9015196118485782,0.010272393452101456,0.9566393268713876,0.012636310482015791
img1,tsallis,11,standard_de,27.420146010438465,1.4865614481686191,0.9031300132695212,0.009031644545763086,0.9572503155479112,0.01409617624393972
img1,tsallis,12,jade,27.627299365983152,0.23453297707886467,0.9165911655406497,0.002194413515498626,0.9578361995059397,0.0023169163208237344
img1,tsallis,12,late_acceptance_de,28.57974278289428,1.6275442799566475,0.9087570334667784,0.006885519552780993,0.9638819793499412,0.013274153303612923
img1,tsallis,12,standard_de,28.16057141805633,1.7615510760890816,0.9107618456021519,0.00805696388625812,0.959864393451165,0.01516099949203845
img10,kapur,3,jade,19.693430910764437,0.0,0.7444633486737227,0.0,0.9290951450410475,0.0
img10,kapur,3,late_acceptance_de,19.693430910764437,0.0,0.7444633486737227,0.0,0.9290951450410475,0.0
img10,kapur,3,standard_de,19.693430910764437,0.0,0.7444633486737227,0.0,0.9290951450410475,0.0
img10,kapur,5,jade,20.489337374568006,0.0011429507200254223,0.8085377057691449,0.0004136724514234493,0.9016138218053853,2.589593587200279e-05
img10,kapur,5,late_acceptance_de,20.489472044626886,0.003749300508710101,0.8084861565509839,0.0010396222693711695,0.901616840409,8.512268009662508e-05
img10,kapur,5,standard_de,20.490156570114713,0.0,0.8086759647403903,0.0,0.9016323816130147,0.0
img10,kapur,7,jade,29.766445612163906,0.04269133468335795,0.8597290030556467,0.0009792080982329112,0.9837306007645045,0.00015928908171520382
img10,kapur,7,late_acceptance_de,29.53553935634044,0.2629216468854846,0.8547652598098473,0.006939434685164793,0.9828120306887901,0.0010680403107685013
img10,kapur,7,standard_de,29.723335291993756,0.1840761828456226,0.8593603161650166,0.0034913312727514498,0.9835543917761168,0.0007265417337626247
img10,kapur,9,jade,31.36842950494545,0.052067317370653614,0.8895294994692277,0.001724296557237401,0.9855346989382003,0.00017289105904007106
img10,kapur,9,late_acceptance_de,31.015469660213217,0.5212856365566128,0.886087940761847,0.011675030682276575,0.9842022303682036,0.0018793486126237918
img10,kapur,9,standard_de,30.853820199630878,0.5874937155022082,0.8818580813188517,0.01138618356169732,0.9835679061854211,0.0023161974081000653
img10,kapur,11,jade,33.247813821592096,0.10584900301670645,0.9210240445615473,0.0018713515893546751,0.9885280863638563,0.00028666618689070244
img10,kapur,11,late_acceptance_de,32.40323436234234,0.41611854883869803,0.9108773768441248,0.007453292791406947,0.9860073551486528,0.0013486318460297947
img10,kapur,11,standard_de,32.146978846118024,0.6002361447108412,0.9064708565093532,0.010965989081816709,0.9850876447693663,0.00202198176722656
img10,kapur,12,jade,33.6077376128689,0.0862135482749076,0.9255249049005521,0.0019476710996443479,0.9884817098810389,0.00022865615203133025
img10,kapur,12,late_acceptance_de,32.63685219426777,0.6479170437924434,0.9141713425430786,0.0099535207423768,0.9854423662008681,0.0021901784650502566
img10,kapur,12,standard_de,32.84551972674703,0.6659154774304176,0.9155673212167592,0.010501997289826107,0.9861158012122396,0.00217723019304715
img10,otsu,3,jade,24.59254631659471,0.0,0.7246300347696005,0.0,0.9770509647838627,0.0
img10,otsu,3,late_acceptance_de,24.59254631659471,0.0,0.7246300347696005,0.0,0.9770509647838627,0.0
img10,otsu,3,standard_de,24.59254631659471,0.0,0.7246300347696005,0.0,0.9770509647838627,0.0
img10,otsu,5,jade,28.039890068268555,3.996622181258013e-05,0.8220051030119111,2.42077587292615e-05,0.9827066629168788,1.5914676147435597e-07
img10,otsu,5,late_acceptance_de,28.039897365068963,0.0,0.8220095227237519,0.0,0.9827066919729692,0.0
img10,otsu,5,standard_de,28.039897365068963,0.0,0.8220095227237519,0.0,0.9827066919729692,0.0
img10,otsu,7,jade,30.73824696677373,0.003302441359154639,0.884760328053329,0.00041263281345480326,0.9869931756895026,9.891685530052484e-06
img10,otsu,7,late_acceptance_de,30.55948057231751,0.14178094923278609,0.8815413074845622,0.0033996162862306705,0.9864396168126872,0.0004440432425453863
img10,otsu,7,standard_de,30.664670526444592,0.1345688994496761,0.8838253504529529,0.0027480907886866385,0.9867647221444092,0.00041844973377091
img10,otsu,9,jade,32.45456008326485,0.008854925299570467,0.9095105590200704,0.0007608253719403479,0.9887361934242817,2.3005143424327032e-05
img10,otsu,9,late_acceptance_de,31.923750052787412,0.1297785441340374,0.9047362757397954,0.004690584133071208,0.9872663825017087,0.0003776534849733806
img10,otsu,9,standard_de,32.01753414205096,0.18205730924785016,0.9058431522303894,0.0054163867759983,0.98753331935664,0.0005122315106850231
img10,otsu,11,jade,33.93181839937867,0.015209776842208509,0.9294015278076678,0.0011141014250343408,0.9902025911515088,3.436247414813646e-05
img10,otsu,11,late_acceptance_de,33.123908940226436,0.1735949397463874,0.9219243706501864,0.005199225658547721,0.9881904101580509,0.000471816021275341
img10,otsu,11,standard_de,33.19456590122757,0.24431721769282994,0.9225504493539695,0.00531838872757332,0.9883724926088235,0.0006373953994982675
img10,otsu,12,jade,34.58871948131646,0.0232081122047378,0.9385575741524355,0.0012108202844080952,0.9908121667295583,4.914725947011427e-05
img10,otsu,12,late_acceptance_de,33.615137949442286,0.16086220073940843,0.9275493666071247,0.004259647682805602,0.9884959527465788,0.000420475175578126
img10,otsu,12,standard_de,33.669403324308014,0.14821098055224946,0.9293253708454242,0.004321463237788835,0.9886398760835292,0.00038751719980364036
img10,tsallis,3,jade,19.764373010097977,0.0,0.7423945739971866,0.0,0.9302439688332765,0.0
img10,tsallis,3,late_acceptance_de,19.764373010097977,0.0,0.7423945739971866,0.0,0.9302439688332765,0.0
img10,tsallis,3,standard_de,19.764373010097977,0.0,0.7423945739971866,0.0,0.9302439688332765,0.0
img10,tsallis,5,jade,21.530860051839504,0.038304970589706534,0.8039467456396951,8.26383002040056e-05,0.9225897649809924,0.0006983702964473629
img10,tsallis,5,late_acceptance_de,21.53785355065835,0.0,0.8039316580193165,0.0,0.9227172693692777,0.0
img10,tsallis,5,standard_de,21.53785355065835,0.0,0.8039316580193165,0.0,0.9227172693692777,0.0
img10,tsallis,7,jade,28.077159087741048,0.13738730636742552,0.8715067468246469,0.000842522258165328,0.975984542238703,0.0007644473551469229
img10,tsallis,7,late_acceptance_de,27.416506067354756,1.1161057781673727,0.8663809324489088,0.005196197502590703,0.971087724318295,0.008171300298400712
img10,tsallis,7,standard_de,27.814630374263796,0.982076758705905,0.8698521487219553,0.004704325545025891,0.973774661219419,0.007202721613780317
img10,tsallis,9,jade,31.367618211468326,0.06070966675209884,0.8901819861025649,0.001822640518680023,0.9855316337771115,0.00020209344826120686
img10,tsallis,9,late_acceptance_de,31.355435051659455,0.3447426236772056,0.8921084314203351,0.00755890455915199,0.9854474656964936,0.0011817078738320655
img10,tsallis,9,standard_de,31.331518393729507,0.44837223133940196,0.8914898192639605,0.008599555788096309,0.9853353149946656,0.0015642165325779895
img10,tsallis,11,jade,33.25642336964078,0.11603436670234415,0.9203298332652062,0.002976065409618276,0.9885500818610566,0.00031956152613679206
img10,tsallis,11,late_acceptance_de,32.471652561560184,0.3913048280474008,0.9107919190567256,0.007978334286288967,0.9862331323397097,0.0012485501835938137
img10,tsallis,11,standard_de,32.49833096187707,0.4760384977330502,0.912327613351153,0.008163452342946699,0.9862909246971395,0.0015301804506589983
img10,tsallis,12,jade,33.630890630261554,0.08986912062712195,0.9252646753736246,0.001722266649657105,0.988542755594653,0.00023829285702921276
img10,tsallis,12,late_acceptance_de,32.985792056648386,0.5727723610832144,0.918420996893038,0.010439722959779494,0.9865961168794275,0.0018302449986737873
img10,tsallis,12,standard_de,32.85197148970554,0.5818013179395078,0.9161827954095325,0.008336790993557469,0.9861697459461656,0.0019937378744426817
img2,kapur,3,jade,20.15688444342361,0.0,0.7153625677528445,0.0,0.9263239576906204,0.0
img2,kapur,3,late_acceptance_de,20.15688444342361,0.0,0.7153625677528445,0.0,0.9263239576906204,0.0
img2,kapur,3,standard_de,20.15688444342361,0.0,0.7153625677528445,0.0,0.9263239576906204,0.0
img2,kapur,5,jade,24.131584537103112,0.047232142677487994,0.8104328817227576,0.004671773471471343,0.9508266307813372,0.0005383661543184931
img2,kapur,5,late_acceptance_de,24.68398418794454,0.14971186308809922,0.8371684296076789,0.0068892068768023895,0.9566763994557915,0.0015843158653988507
img2,kapur,5,standard_de,24.574934843559223,0.26602560822432303,0.8311499143955589,0.014146500309209876,0.9555186714684231,0.0028291028917799975
img2,kapur,7,jade,24.998866388575877,0.052742618415185204,0.8688984385816881,0.0031379312144947653,0.943618628659641,0.0006780441156026212
img2,kapur,7,late_acceptance_de,28.648198508435847,2.6479043138836276,0.8494241643892697,0.01817920867855679,0.9706410385288122,0.018780765276615007
img2,kapur,7,standard_de,28.163343310588385,2.851203456926301,0.8565398918405883,0.015762454486370085,0.966795711483488,0.020071107063673037
img2,kapur,9,jade,31.29178366965063,0.13570808370307547,0.862122416010826,0.004242888101219399,0.9829720861101947,0.0005277447272837185
img2,kapur,9,late_acceptance_de,31.31434876691698,1.0964312109195322,0.8640806599854406,0.023233830744951323,0.9825190010135828,0.004753234757859591
img2,kapur,9,standard_de,31.340910516918772,0.8661673470118533,0.8644319713370296,0.02268959227978255,0.982831844440487,0.003651561313970121
img2,kapur,11,jade,33.49727824246893,0.2313121998722609,0.9024867638679098,0.004648256688236744,0.9874637729791511,0.0006903553491642311
img2,kapur,11,late_acceptance_de,32.7462918706453,0.7950963951565212,0.8938674186815542,0.017979590825369988,0.9848672234508806,0.0029158361608602797
img2,kapur,11,standard_de,32.27942841294795,1.0026753118698577,0.8832011560581795,0.02168034660565687,0.982978467805338,0.00421472624804047
img2,kapur,12,jade,34.58386872988742,0.24170157854331095,0.919928478646287,0.0051579121618228856,0.989350097799312,0.0006035224300125814
img2,kapur,12,late_acceptance_de,33.129334823552156,1.040013059305187,0.8984642219826859,0.020295700442990176,0.9847170655581391,0.003705670292723738
img2,kapur,12,standard_de,33.26309827492867,0.9753092745574311,0.9007309510902165,0.019965232525708605,0.9852139219952246,0.003606797469228811
img2,otsu,3,jade,26.149797247483452,0.0,0.7406021097444645,0.0,0.9814631895853015,0.0
img2,otsu,3,late_acceptance_de,26.149797247483452,0.0,0.7406021097444645,0.0,0.9814631895853015,0.0
img2,otsu,3,standard_de,26.149797247483452,0.0,0.7406021097444645,0.0,0.9814631895853015,0.0
img2,otsu,5,jade,30.127263642329716,2.905323376312446e-05,0.8618244730159026,0.0007653523531621314,0.9876366228338274,8.270844202997645e-08
img2,otsu,5,late_acceptance_de,30.12727641694553,0.0,0.8621609960464194,0.0,0.9876366592004701,0.0
img2,otsu,5,standard_de,30.12727641694553,0.0,0.8621609960464194,0.0,0.9876366592004701,0.0
img2,otsu,7,jade,32.716671788608814,0.0021997704488347395,0.9046523575634271,0.0007391102926706065,0.9904649188562618,4.830795546604317e-06
img2,otsu,7,late_acceptance_de,32.551661740719595,0.12618858236768313,0.9019991853067163,0.00487989550983162,0.9900916132232258,0.0002888856254574163
img2,otsu,7,standard_de,32.65101330377963,0.13431746189113375,0.903966340534427,0.002783270217374396,0.9903151006103257,0.0003088533725880753
img2,otsu,9,jade,34.778776155404685,0.014389424323123262,0.932253750689436,0.0010059099534214368,0.9923746342382257,2.5324252679636383e-05
img2,otsu,9,late_acceptance_de,34.160447845084455,0.15377069306769853,0.9264965861504881,0.0051576976501889315,0.9912026057149118,0.0003110417552795488
img2,otsu,9,standard_de,34.1334386040618,0.16487872570723155,0.9256971029745684,0.0049771095992352495,0.9911469180806534,0.0003358349560308031
img2,otsu,11,jade,36.26944186611801,0.018549962049247318,0.9505155661742869,0.001310948419696269,0.9933878026627687,2.8242987224074047e-05
img2,otsu,11,late_acceptance_de,35.38810254739592,0.1315493375023219,0.9399380749621398,0.004438785562602148,0.9918965806406265,0.00024512332926496396
img2,otsu,11,standard_de,35.43453900763007,0.21412894386275944,0.9416519284952276,0.005098270324544242,0.9919769012916299,0.0003952063506947076
img2,otsu,12,jade,37.00175860215856,0.025774229235102895,0.9531755454454582,0.0009731949989278524,0.9939059466467016,3.612897315438456e-05
img2,otsu,12,late_acceptance_de,35.90675119806097,0.17352579218901515,0.9451633715629142,0.0043831997046815665,0.9921524329922207,0.0003140788473710428
img2,otsu,12,standard_de,36.01347116898161,0.21594329442297364,0.9456859860747568,0.0035426168168119793,0.9923397236384448,0.000378670881646923
img2,tsallis,3,jade,21.009303582044474,0.0,0.7259554079613477,0.0,0.9394541508167592,0.0
img2,tsallis,3,late_acceptance_de,21.009303582044474,0.0,0.7259554079613477,0.0,0.9394541508167592,0.0
img2,tsallis,3,standard_de,21.009303582044474,0.0,0.7259554079613477,0.0,0.9394541508167592,0.0
img2,tsallis,5,jade,24.510227860957862,0.0,0.8351450917937535,0.0,0.9549348629171432,0.0
img2,tsallis,5,late_acceptance_de,24.52082470958108,0.03981555860720546,0.8350196256135917,0.0010811287257689933,0.9550428858532457,0.00040417315977839263
img2,tsallis,5,standard_de,24.52098280873233,0.03999684112038497,0.8350464655811298,0.0009912765162779268,0.9550445057789063,0.0004060649585637852
img2,tsallis,7,jade,24.994674117820537,0.028549189757692328,0.8679490754596381,0.0014806783408955204,0.9435669962733285,0.000370354630022792
img2,tsallis,7,late_acceptance_de,25.22024945418891,0.5562873388174165,0.8643129149060926,0.011008133980056106,0.9460013904735162,0.006842043789192456
img2,tsallis,7,standard_de,25.29896988993072,0.4593154644770535,0.8652098349754431,0.01001906420045169,0.9471110186908145,0.005327998561767813
img2,tsallis,9,jade,26.55409115425361,0.1112155238035818,0.904695136172627,0.001961489842149463,0.9493166921723877,0.0013040833785296676
img2,tsallis,9,late_acceptance_de,26.25287018648667,0.6360944095961134,0.8951952660610059,0.01148423525415291,0.945132009306499,0.007987491286112355
img2,tsallis,9,standard_de,26.30693828583379,0.5976769055274935,0.8946896721378255,0.015564310397271604,0.9459011656315521,0.006895400883322959
img2,tsallis,11,jade,27.095293649791472,0.19556333484750682,0.9232295261796797,0.002678100393393963,0.9452758470140998,0.0024360692206319675
img2,tsallis,11,late_acceptance_de,27.551712253888706,1.3856992405987254,0.9138272273768905,0.010360634865695736,0.9486154361862186,0.013789968435606606
img2,tsallis,11,standard_de,27.20129956442717,1.3355257774761153,0.916268853116398,0.012786166491403505,0.9445657620226304,0.013397957492296586
img2,tsallis,12,jade,27.399149397960525,0.25235257811631717,0.9321133980421563,0.0023857172278767278,0.9442994107181343,0.0031785728802864936
img2,tsallis,12,late_acceptance_de,27.741872787327775,1.276381902945816,0.9181618882215183,0.01205721736186604,0.9467751209629436,0.012373317662620242
img2,tsallis,12,standard_de,27.834552431852863,1.4504205870855604,0.9195999047239555,0.00995243720758087,0.9470200434409387,0.0171666072533385
img3,kapur,3,jade,21.45782781485301,0.0,0.7316340278098009,0.0,0.9571087731470308,0.0
img3,kapur,3,late_acceptance_de,21.45782781485301,0.0,0.7316340278098009,0.0,0.9571087731470308,0.0
img3,kapur,3,standard_de,21.45782781485301,0.0,0.7316340278098009,0.0,0.9571087731470308,0.0
img3,kapur,5,jade,23.029238630016508,0.0171397132103918,0.8223873284358325,3.7733810364645836e-05,0.9502171917236327,0.00019515189334309003
img3,kapur,5,late_acceptance_de,23.014057370434653,0.04971205783680961,0.8226753223234547,0.0012542062492595773,0.9500400487914834,0.0005793829165668973
img3,kapur,5,standard_de,23.012767680476248,0.030361380333142778,0.8233154298907646,0.002362027963732014,0.9500272147494708,0.0003526725258895436
img3,kapur,7,jade,24.094843521423556,0.03888322476665867,0.8675688633382316,0.0006167654661089875,0.9454668751756226,0.00048278379668637646
img3,kapur,7,late_acceptance_de,24.06624189174494,0.3177811189460581,0.8651961757539391,0.003847899396405098,0.9449667559427279,0.004018725658829886
img3,kapur,7,standard_de,24.119560915305716,0.2506168551578584,0.8669719393791502,0.0024297511911259015,0.9456924576286824,0.0030667759935233637
img3,kapur,9,jade,25.257201086390587,0.14310283209660696,0.8918182389655177,0.0018281126775660935,0.946324410105867,0.0017292999766840105
img3,kapur,9,late_acceptance_de,25.21365046320786,0.8778337905517527,0.8856482856424729,0.00807502424706374,0.9447902370669542,0.01031686287930975
img3,kapur,9,standard_de,25.174411275351623,0.7907792749757052,0.8876607713687658,0.006890050614874781,0.9444599181636973,0.009775845927054303
img3,kapur,11,jade,28.04160513763138,2.94814814609583,0.9101339406921433,0.00667858406107159,0.9587792136078496,0.0194996322102578
img3,kapur,11,late_acceptance_de,27.784151758738115,2.2374575297517443,0.904325558749398,0.012614598092435883,0.9587624121784732,0.01914683067583572
img3,kapur,11,standard_de,27.623486600162185,2.2370059888736025,0.903087576642046,0.013296648652961193,0.9576109895401795,0.01754582872913905
img3,kapur,12,jade,32.66562129584951,1.669025028197896,0.9283910785387992,0.00652942096924287,0.9855031763077837,0.010376497251140213
img3,kapur,12,late_acceptance_de,30.270028859360472,2.4466221834358888,0.9160699437085648,0.012094619631781177,0.973465495223672,0.016170847218695574
img3,kapur,12,standard_de,29.017489363747973,2.7970631525168095,0.9120871281213684,0.011458150193258892,0.9634564271684731,0.022379138337377195
img3,otsu,3,jade,23.50481675158895,0.0,0.6758123126898652,0.0,0.9732286929469036,0.0
img3,otsu,3,late_acceptance_de,23.50481675158895,0.0,0.6758123126898652,0.0,0.9732286929469036,0.0
img3,otsu,3,standard_de,23.50481675158895,0.0,0.6758123126898652,0.0,0.9732286929469036,0.0
img3,otsu,5,jade,27.485148722343784,0.0003515655896507821,0.8233006824193971,0.00016566202281233816,0.9821562911189559,1.4445384230325555e-06
img3,otsu,5,late_acceptance_de,27.48538248824598,0.0,0.8233979702214426,0.0,0.9821572516155918,0.0
img3,otsu,5,standard_de,27.48538248824598,0.0,0.8233979702214426,0.0,0.9821572516155918,0.0
img3,otsu,7,jade,30.014553490287017,0.0035154851745047176,0.8877214404324569,0.0006311544600755869,0.9860468319699459,1.1298781978263976e-05
img3,otsu,7,late_acceptance_de,29.92750825863208,0.1062194413467887,0.8859175694461628,0.003239069550753903,0.9857602044073681,0.000352365308778388
img3,otsu,7,standard_de,29.95672962637989,0.1201949764782548,0.8867395188529973,0.0026147801589264104,0.9858544938038047,0.0004011706804706681
img3,otsu,9,jade,31.974603489264204,0.011744772553503955,0.9218923053474516,0.0009384421950364165,0.9885761184315267,3.091785783064138e-05
img3,otsu,9,late_acceptance_de,31.379157803339726,0.17104266500725138,0.9129346816504483,0.005372648224785839,0.9868876312823978,0.000513798919425925
img3,otsu,9,standard_de,31.522712914836916,0.27274401653557506,0.9130753111727026,0.007024116717390546,0.9872995044406168,0.0007856191861482387
img3,otsu,11,jade,33.62310813731802,0.019061047267550382,0.9401049930211072,0.0008763559891020681,0.9904475249541991,4.194530516180514e-05
img3,otsu,11,late_acceptance_de,32.63821086969335,0.18965593813791043,0.9296994110443094,0.0041107026181758845,0.9880049939323062,0.0005210826641067664
img3,otsu,11,standard_de,32.678567712440135,0.24974424962891492,0.9300455479455394,0.0046875482050508545,0.9881079679901869,0.0006788378101076103
img3,otsu,12,jade,34.34107501904619,0.02315913298447891,0.948459428169619,0.0009283191785815323,0.9911669699781693,4.707525359892943e-05
img3,otsu,12,late_acceptance_de,33.24234757701551,0.20845032391728013,0.9372850604911827,0.004438956024773086,0.9886115995862965,0.0005514354478728972
img3,otsu,12,standard_de,33.24447031980581,0.28643148537808927,0.9376857162068811,0.005331638318567898,0.9886070276468598,0.0007032110359545189
img3,tsallis,3,jade,21.45782781485301,0.0,0.7316340278098009,0.0,0.9571087731470308,0.0
img3,tsallis,3,late_acceptance_de,21.45782781485301,0.0,0.7316340278098009,0.0,0.9571087731470308,0.0
img3,tsallis,3,standard_de,21.45782781485301,0.0,0.7316340278098009,0.0,0.9571087731470308,0.0
img3,tsallis,5,jade,23.179836518090823,0.015405500704996414,0.828906611073217,0.0019838435686483666,0.9519139638236439,0.00016954310554484904
img3,tsallis,5,late_acceptance_de,23.177812473032745,0.011086151357161194,0.8291672575038661,0.0014276192959981888,0.9518916884759301,0.00012200710419129758
img3,tsallis,5,standard_de,23.187932698323134,0.024703759504200725,0.8278640253506198,0.0031812269755016336,0.9520030652144992,0.00027187380567365236
img3,tsallis,7,jade,24.616801892500494,0.11925591380535823,0.8657201577737973,0.0009467153444769888,0.9516266453243087,0.0013294400209211798
img3,tsallis,7,late_acceptance_de,24.700603280641086,0.4727041289546592,0.8624998917104555,0.0061459853607593465,0.9522975902255453,0.005161996755585684
img3,tsallis,7,standard_de,24.684676822577433,0.26586995311582245,0.8637239312719484,0.002886903786718498,0.9523075185683364,0.0029446899019149385
img3,tsallis,9,jade,25.81472462459452,0.1863853174136342,0.890683633222079,0.001870266246326095,0.9527739740291372,0.001986702381547129
img3,tsallis,9,late_acceptance_de,26.050837106181785,1.050397915490266,0.8878647790300668,0.006898109866615985,0.9540853855254786,0.01051231601489397
img3,tsallis,9,standard_de,25.828512727699692,0.7806229441794836,0.8849284237308319,0.007390961406102647,0.9522512774864802,0.008170856763830534
img3,tsallis,11,jade,26.956402153245417,0.31143731278184256,0.9075937447106156,0.002423635530284856,0.9555518110038845,0.003154843479142914
img3,tsallis,11,late_acceptance_de,27.299223080254436,1.8649898739661956,0.9058497290985071,0.011009864183008578,0.9554144517283351,0.017908728465978706
img3,tsallis,11,standard_de,27.621982273908888,1.7583173202913551,0.9055414108504023,0.011262773153218329,0.9589153353500558,0.016232128909362226
img3,tsallis,12,jade,27.30573620908208,0.369306453763903,0.9147926046932545,0.002622149579462176,0.955213308780619,0.003790281737953232
img3,tsallis,12,late_acceptance_de,27.75630041348876,1.8235340575408083,0.9112586910298901,0.013327120955022321,0.9562969348185103,0.017723768123335232
img3,tsallis,12,standard_de,28.138096845945096,1.850898177378182,0.9108242778298349,0.012486304721652656,0.959936160831418,0.016107156130586803
img4,kapur,3,jade,19.26993733602559,0.0,0.805872888146764,0.0,0.9290164824488547,0.0
img4,kapur,3,late_acceptance_de,19.26993733602559,0.0,0.805872888146764,0.0,0.9290164824488547,0.0
img4,kapur,3,standard_de,19.26993733602559,0.0,0.805872888146764,0.0,0.9290164824488547,0.0
img4,kapur,5,jade,21.003842875214602,0.04788197459386996,0.8425338131431137,0.0001511738648086666,0.9206327478739158,0.0008810172173066344
img4,kapur,5,late_acceptance_de,21.031477889303513,0.009119569004322668,0.8429619485547801,0.0019028859356619784,0.9211406608457814,0.00016470758910229157
img4,kapur,5,standard_de,21.026991240677805,0.04632571111061479,0.8436055380740405,0.003209836312220338,0.9210549112178481,0.0008611277147417542
img4,kapur,7,jade,28.98649175257308,1.1393600651503604,0.9023290965180998,0.005118266701740176,0.9813490655974474,0.0098213041841839
img4,kapur,7,late_acceptance_de,26.609360364249827,2.850283984189121,0.8899805900609319,0.013582237665214056,0.9616814557244256,0.027788472352186858
img4,kapur,7,standard_de,28.41564748774134,1.3159073340494027,0.8978217272065503,0.00946989640281109,0.97858447467781,0.010291638625633598
img4,kapur,9,jade,31.047437108583317,0.10267792866009362,0.9187820115975665,0.001006290475477395,0.9858535748528752,0.0003369682754934353
img4,kapur,9,late_acceptance_de,30.50978158951438,0.4548742511793032,0.9185277868525091,0.005625982443903382,0.9839068181946826,0.0017380303974824788
img4,kapur,9,standard_de,30.46857567402772,0.4936149210389648,0.916624752852469,0.006768334910071145,0.9837382607580165,0.0018946082047666321
img4,kapur,11,jade,32.93399985682705,0.11811138612570339,0.9393918127090929,0.0011709905259191804,0.9888009534869554,0.0003138682212031146
img4,kapur,11,late_acceptance_de,31.813811794615095,0.6014860928275323,0.9318095473887762,0.006596453158397114,0.9853729708171204,0.00210208649027532
img4,kapur,11,standard_de,31.4010675176505,0.8519598775430806,0.9283504207036323,0.007361471099968568,0.9837644073045771,0.0032414729951711747
img4,kapur,12,jade,33.12654172618175,0.3126976938086624,0.9411554170204166,0.002821658757726463,0.9882880514193964,0.0008251786053218613
img4,kapur,12,late_acceptance_de,32.423586139846286,0.8075394193771348,0.9380249805645973,0.006758488162358484,0.9860344314747704,0.0025852897334182005
img4,kapur,12,standard_de,32.1290748153394,0.7297439864657443,0.9363972886613534,0.004780716549842208,0.9850919311785301,0.0026409551102105694
img4,otsu,3,jade,24.478067311449713,0.0,0.8026602127232773,0.0,0.9786034122464519,0.0
img4,otsu,3,late_acceptance_de,24.478067311449713,0.0,0.8026602127232773,0.0,0.9786034122464519,0.0
img4,otsu,3,standard_de,24.478067311449713,0.0,0.8026602127232773,0.0,0.9786034122464519,0.0
img4,otsu,5,jade,27.887369197212138,0.00038309440482359945,0.88411447297251,0.0003645173098785427,0.9837346623972293,1.4349174083441337e-06
img4,otsu,5,late_acceptance_de,27.887536622423404,0.0,0.8842123543343554,0.0,0.9837352894926406,0.0
img4,otsu,5,standard_de,27.887536622423404,0.0,0.8842123543343554,0.0,0.9837352894926406,0.0
img4,otsu,7,jade,30.396533566335243,0.0029838812680364076,0.9146436921214526,0.0014580994145534946,0.9872216500347459,8.780061925137817e-06
img4,otsu,7,late_acceptance_de,30.259890743229914,0.1239179688517227,0.9130746355924652,0.0030405622168941915,0.9868079975483297,0.00037929832830956923
img4,otsu,7,standard_de,30.302976870098618,0.1209803297942257,0.9137411986395224,0.0037728724965694093,0.9869384650101609,0.0003671301365401179
img4,otsu,9,jade,32.44363477218286,0.013328632491451596,0.930989537944058,0.000457456616812395,0.9897455822195381,3.1525412967654045e-05
img4,otsu,9,late_acceptance_de,31.81331275823526,0.13749211890730278,0.926376314989534,0.0026866150247986035,0.9881382464043948,0.0003684423006767198
img4,otsu,9,standard_de,31.904819370051417,0.218829484011421,0.927831042245748,0.0028083339546500514,0.9883770183856145,0.000576171976753562
img4,otsu,11,jade,34.1277744799991,0.015736234167626723,0.9461601313230027,0.0008446588887204764,0.9914955155823589,3.083233395823799e-05
img4,otsu,11,late_acceptance_de,33.23745794440412,0.20661069256206982,0.9390754161148532,0.0029061419070747227,0.9895491438214885,0.0004972817323121051
img4,otsu,11,standard_de,33.160524309713544,0.17094740199286926,0.9391080540880903,0.002901843577713586,0.9893659993042022,0.0004209911536987012
img4,otsu,12,jade,34.89429536183241,0.022157476367335876,0.9515925827278535,0.0013045803556575026,0.9922234464019838,3.96777232348288e-05
img4,otsu,12,late_acceptance_de,33.872570238914506,0.20098811030158287,0.9435059469410202,0.002501106353565142,0.9901509134261759,0.0004440907578970732
img4,otsu,12,standard_de,33.8211081806487,0.194171781113882,0.9442058510790797,0.003110586951926903,0.9900340843572544,0.00044119439388869836
img4,tsallis,3,jade,19.560217565070214,0.0,0.8077307938892697,0.0,0.9336058991373886,0.0
img4,tsallis,3,late_acceptance_de,19.560217565070214,0.0,0.8077307938892697,0.0,0.9336058991373886,0.0
img4,tsallis,3,standard_de,19.560217565070214,0.0,0.8077307938892697,0.0,0.9336058991373886,0.0
img4,tsallis,5,jade,21.538331606418815,0.04123076291685693,0.845693740106854,0.000682648422513791,0.9298244352515697,0.0006745708279798513
img4,tsallis,5,late_acceptance_de,21.61953149274689,0.09046846379152547,0.8487210175057862,0.004080425184137247,0.9311129497881225,0.0014266959744748914
img4,tsallis,5,standard_de,21.641219867197982,0.10868256849606109,0.8500310983880206,0.004306330500199314,0.9314496016785493,0.0017255502674741498
img4,tsallis,7,jade,23.312067731103735,0.15845443227238412,0.8799052836349515,0.0006994736779727856,0.93465722948991,0.002344467810779349
img4,tsallis,7,late_acceptance_de,23.819609874552945,0.7073905585456615,0.8782063826193425,0.004387344491193171,0.9411466665007209,0.00970930902899497
img4,tsallis,7,standard_de,23.576522597086235,0.5953982751455659,0.8777775590399505,0.0037602876590409097,0.9379891769997382,0.008701438818879442
img4,tsallis,9,jade,26.70254027951627,0.46052759898916484,0.9113718389131649,0.003119253945562804,0.9613298192425421,0.00409727103658041
img4,tsallis,9,late_acceptance_de,27.710869132762358,1.5586069919487038,0.9162460232894246,0.009385008355559183,0.9675236343206545,0.011872950945968255
img4,tsallis,9,standard_de,27.17149847586422,1.6030430397548145,0.9113888229195408,0.00983932312535418,0.9631772518470291,0.013268992732066266
img4,tsallis,11,jade,30.51024034112808,0.09102058679817406,0.9402594645729201,0.0017290320962785695,0.980434518447684,0.00040802265601959126
img4,tsallis,11,late_acceptance_de,29.531258804478433,0.6726432291800796,0.9335544259686149,0.005742618897826255,0.9751879040557067,0.004248069722240001
img4,tsallis,11,standard_de,29.450799852733027,0.8692291209267893,0.9327606837249165,0.0058713575259587494,0.9744640214329565,0.006521292811777146
img4,tsallis,12,jade,30.85178699713428,0.07606398902331063,0.9464357968092839,0.0009432559390587707,0.9802713328783226,0.0003521478780105462
img4,tsallis,12,late_acceptance_de,30.05312574231833,0.9801786857807272,0.9373591321513307,0.004516321744830786,0.9757077748899555,0.005477131522963205
img4,tsallis,12,standard_de,30.07103507484995,1.3226491911184721,0.9388915665267805,0.006281500832575648,0.9753325099479642,0.007533574219061834
img5,kapur,3,jade,16.560572134132304,0.0,0.7359316324911283,0.0,0.8643645176189416,0.0
img5,kapur,3,late_acceptance_de,16.560572134132304,0.0,0.7359316324911283,0.0,0.8643645176189416,0.0
img5,kapur,3,standard_de,16.560572134132304,0.0,0.7359316324911283,0.0,0.8643645176189416,0.0
img5,kapur,5,jade,17.90971587318422,0.0,0.7825023747451539,0.0,0.8343056529409433,0.0
img5,kapur,5,late_acceptance_de,17.90971587318422,0.0,0.7825023747451539,0.0,0.8343056529409433,0.0
img5,kapur,5,standard_de,17.90971587318422,0.0,0.7825023747451539,0.0,0.8343056529409433,0.0
img5,kapur,7,jade,18.471267902895082,0.04340447045041995,0.8079700200535392,0.0008426786356389237,0.7961542720511716,0.0020551926597929975
img5,kapur,7,late_acceptance_de,18.433124241473237,0.33746633033154,0.8062214858359469,0.0046087472466586595,0.7937613134476481,0.01619793244867326
img5,kapur,7,standard_de,18.509207879329598,0.13798981790582351,0.8062356216523229,0.0036658476750892947,0.7978405301586229,0.006229010170333718
img5,kapur,9,jade,19.216643508229446,0.14703708349441164,0.8226486900579427,0.0011115507425966513,0.7791345871766515,0.0074630340329855304
img5,kapur,9,late_acceptance_de,19.182023900823612,0.5793634201484558,0.8165000983102237,0.006133190631986504,0.7756233179395239,0.028746302734474746
img5,kapur,9,standard_de,19.090176888104413,0.5380385401708271,0.8171691006362484,0.0062302429512762665,0.7710396150545881,0.02846749774574422
img5,kapur,11,jade,19.378238424592848,0.24877298833194283,0.8294554660473571,0.002737776619415006,0.739639231562467,0.01520209667375389
img5,kapur,11,late_acceptance_de,19.54991592968274,0.8711294563203729,0.8283487574957138,0.007675958026772376,0.7451697406632605,0.05229094501667891
img5,kapur,11,standard_de,19.765472365236683,1.0027595505177618,0.8283873246940282,0.009270177623519489,0.7567181178861865,0.04765564873057902
img5,kapur,12,jade,19.559506604046227,0.29484553518920276,0.8333266086286096,0.003796604761117557,0.7274135368101997,0.018432870973807296
img5,kapur,12,late_acceptance_de,20.195741029175522,1.5783519891094129,0.8387737994970538,0.013903367340121759,0.7520492906291746,0.0726373311706575
img5,kapur,12,standard_de,19.841071799423137,1.1054844545215117,0.8344244090073014,0.008501764963700592,0.7375437866588694,0.061178071878732664
img5,otsu,3,jade,26.695236153607027,0.0,0.787244681470392,0.0,0.9868505703983956,0.0
img5,otsu,3,late_acceptance_de,26.695236153607027,0.0,0.787244681470392,0.0,0.9868505703983956,0.0
img5,otsu,3,standard_de,26.695236153607027,0.0,0.787244681470392,0.0,0.9868505703983956,0.0
img5,otsu,5,jade,30.309135612890614,0.0,0.8831672883881077,0.0,0.9904640115140487,0.0
img5,otsu,5,late_acceptance_de,30.309135612890614,0.0,0.8831672883881077,0.0,0.9904640115140487,0.0
img5,otsu,5,standard_de,30.309135612890614,0.0,0.8831672883881077,0.0,0.9904640115140487,0.0
img5,otsu,7,jade,32.725833813880485,0.001993115033561666,0.9054217135934841,0.00046327529019931556,0.9923471363115607,3.513332674786525e-06
img5,otsu,7,late_acceptance_de,32.6273470063021,0.07503011839322313,0.904160633140649,0.0030526729920505417,0.9921704751993512,0.00013571615975264682
img5,otsu,7,standard_de,32.6682652520342,0.06378694928428837,0.9048451921339947,0.0019186014164625554,0.9922442071269875,0.00011440730767114731
img5,otsu,9,jade,35.182413784199795,0.007887948505389307,0.935367114694485,0.0007324536417254308,0.9944112961152708,1.0169552113108723e-05
img5,otsu,9,late_acceptance_de,34.71879495227406,0.1267867912633323,0.931298875387069,0.0037620630712805053,0.9937791272945434,0.0001818352306272163
img5,otsu,9,standard_de,34.759443245253365,0.1410721704235538,0.9318700124289188,0.002968504312129093,0.993836485636902,0.00019952014712529604
img5,otsu,11,jade,37.12937406488468,0.020247437060040466,0.9525302536840167,0.0008135824701916968,0.995637161633769,2.0390265248696003e-05
img5,otsu,11,late_acceptance_de,36.325382684245184,0.22643325637374467,0.948309954265689,0.003743431130728618,0.9947430327627945,0.0002749407698506536
img5,otsu,11,standard_de,36.29444189352441,0.18678662236532026,0.9474357680651778,0.004501124810714072,0.9947076980137346,0.0002264064916621762
img5,otsu,12,jade,37.949174920571885,0.02604480958934428,0.9598035618936758,0.0009262930237423873,0.9960592346302051,2.363224888809463e-05
img5,otsu,12,late_acceptance_de,36.82832769846596,0.1811598789782449,0.9519766447424006,0.004169271993752803,0.9948947182593754,0.00021023250459747841
img5,otsu,12,standard_de,36.892031443659775,0.17866084469601842,0.9536306714796674,0.003821585149342867,0.9949691427602835,0.0002064732529765757
img5,tsallis,3,jade,16.72395389950365,0.0,0.7323849844375875,0.0,0.8693723422383794,0.0
img5,tsallis,3,late_acceptance_de,16.72395389950365,0.0,0.7323849844375875,0.0,0.8693723422383794,0.0
img5,tsallis,3,standard_de,16.716572125958535,0.02809223962171165,0.7324502247236627,0.0002482798663782463,0.8691474576782109,0.0008558256241364056
img5,tsallis,5,jade,17.909771125640862,0.0,0.7824270748857383,0.0,0.8343077609487287,0.0
img5,tsallis,5,late_acceptance_de,17.909771125640862,0.0,0.7824270748857383,0.0,0.8343077609487287,0.0
img5,tsallis,5,standard_de,17.909771125640862,0.0,0.7824270748857383,0.0,0.8343077609487287,0.0
img5,tsallis,7,jade,18.51511817491664,0.04984547740551524,0.806825544596329,0.00034556803512759005,0.7981991377854192,0.002299646917780811
img5,tsallis,7,late_acceptance_de,18.537415807542484,0.2163571445285763,0.8050623259097994,0.004172652901483233,0.7990012108282858,0.01021865455072583
img5,tsallis,7,standard_de,18.604965026072982,0.26692804994768377,0.8067102564877456,0.0026637671852845126,0.801992594734968,0.01167099391423146
img5,tsallis,9,jade,19.300377849513755,0.17131768797178132,0.821451200355927,0.0022473277190754952,0.7833083346597063,0.00861117484917271
img5,tsallis,9,late_acceptance_de,19.18873361258067,0.5725064662264282,0.8200395926502987,0.005287962927683824,0.7760163075348039,0.028219044598977016
img5,tsallis,9,standard_de,19.394376675051326,0.49457462009207626,0.8161013387983349,0.00761321193980705,0.7867933531834662,0.02386624486496856
img5,tsallis,11,jade,19.594096707683963,0.2030386642564481,0.8316124876349231,0.0025593855971571735,0.7523978171899616,0.011708634190499676
img5,tsallis,11,late_acceptance_de,19.554984148509075,0.830905073181195,0.8296500091007776,0.009338864570321844,0.746151025174655,0.04574421589726764
img5,tsallis,11,standard_de,19.768450735195593,0.5847665859493608,0.8314977033191101,0.00519828990370137,0.7603344122408092,0.031604282925324696
img5,tsallis,12,jade,19.900740138523936,0.22655815652268851,0.8378520742780335,0.0029070546714654163,0.7482377515167847,0.013234146841453343
img5,tsallis,12,late_acceptance_de,19.8286179737691,0.8968751331100253,0.833692484073051,0.01063500325737624,0.7393540521959581,0.04970667302464273
img5,tsallis,12,standard_de,19.895223646301034,0.7509022665882475,0.8364319952741116,0.006866440198677545,0.7446564682888132,0.043350990480117306
img6,kapur,3,jade,19.07287603118221,0.0,0.72189569363856,0.0,0.9257214106578899,0.0
img6,kapur,3,late_acceptance_de,19.07287603118221,0.0,0.72189569363856,0.0,0.9257214106578899,0.0
img6,kapur,3,standard_de,19.07287603118221,0.0,0.72189569363856,0.0,0.9257214106578899,0.0
img6,kapur,5,jade,21.226424294824863,0.0,0.752299290229732,0.0,0.9246023915686893,0.0
img6,kapur,5,late_acceptance_de,21.226424294824863,0.0,0.752299290229732,0.0,0.9246023915686893,0.0
img6,kapur,5,standard_de,21.226424294824863,0.0,0.752299290229732,0.0,0.9246023915686893,0.0
img6,kapur,7,jade,22.63840479521862,0.09605094739122749,0.8017028860530344,0.00219777922748182,0.9237237145554951,0.0016702559841417696
img6,kapur,7,late_acceptance_de,23.058236086654592,0.705590948547504,0.8146801685594975,0.017706405154609552,0.9298342827604574,0.012315521161014127
img6,kapur,7,standard_de,22.56127834748322,0.630309732234372,0.802593417505816,0.01347688420121348,0.9215620560179173,0.01186653528856074
img6,kapur,9,jade,31.169755208904316,0.07601663585543947,0.8624610546008953,0.002239978024108167,0.9862481400142288,0.0002415541415040647
img6,kapur,9,late_acceptance_de,30.768604102865186,0.39947423531957793,0.8581976130748339,0.010625289040974336,0.9848565562906885,0.001438916307920889
img6,kapur,9,standard_de,30.830783004686236,0.38760290631373534,0.8593641735528114,0.010146546756810029,0.9850759633717456,0.001357904511633543
img6,kapur,11,jade,32.84338627064976,0.15541356823387112,0.894737128467366,0.003546498951089071,0.9885619586556996,0.00040662049505283066
img6,kapur,11,late_acceptance_de,32.234288186258574,0.6043850972041785,0.8883084569280183,0.012531239522572547,0.9867185849767883,0.0019864000755767525
img6,kapur,11,standard_de,32.081470767095496,0.4937054514383664,0.8864603059547529,0.010720502376645449,0.9862899660489531,0.0016115740606490294
img6,kapur,12,jade,33.7250392716102,0.1252490066039282,0.9092482425774772,0.003309370809242764,0.9898168272417452,0.00029677511529151846
img6,kapur,12,late_acceptance_de,32.945812021704704,0.5928915889660058,0.8997635195436341,0.011852903654334277,0.9877065464365333,0.0017731513408991663
img6,kapur,12,standard_de,32.587115102907504,0.5802201385989159,0.894655399812113,0.012981443400054563,0.9866551885290693,0.0018365914852865053
img6,otsu,3,jade,23.931737461045874,0.0,0.7145609186380759,0.0,0.9757351559596766,0.0
img6,otsu,3,late_acceptance_de,23.931737461045874,0.0,0.7145609186380759,0.0,0.9757351559596766,0.0
img6,otsu,3,standard_de,23.931737461045874,0.0,0.7145609186380759,0.0,0.9757351559596766,0.0
img6,otsu,5,jade,27.741104307481766,4.197743593555677e-06,0.7909071553618267,3.5734525638561023e-06,0.9831775374849142,1.6260050171580513e-08
img6,otsu,5,late_acceptance_de,27.74110541051922,0.0,0.7909080943548707,0.0,0.9831775417575535,0.0
img6,otsu,5,standard_de,27.74110541051922,0.0,0.7909080943548707,0.0,0.9831775417575535,0.0
img6,otsu,7,jade,30.592284491755848,0.002765910409177947,0.8616734120596348,0.0006031632671214852,0.9877848256070609,7.782473099023349e-06
img6,otsu,7,late_acceptance_de,30.476159858452192,0.10887312314408766,0.8597190094913534,0.0035703298015301228,0.9874499801423394,0.00031622252950204606
img6,otsu,7,standard_de,30.528519885304572,0.10324255003887613,0.8600119742738682,0.0034473039686938357,0.987600738292932,0.00029907237491954696
img6,otsu,9,jade,32.61744053661462,0.007740654710575831,0.8932631677975598,0.0007728380857307745,0.9901478930322867,1.7567842588287695e-05
img6,otsu,9,late_acceptance_de,32.088521332596514,0.1396598827413882,0.8877008543275394,0.005485045495959329,0.9888664004172562,0.00035358458461594316
img6,otsu,9,standard_de,32.12747013106492,0.17791806326866824,0.8890780908146033,0.005166886877173224,0.9889624013772365,0.00044624279964293456
img6,otsu,11,jade,34.211854291635866,0.027628320147388984,0.9160433984090806,0.001999406123183623,0.9916584691701189,5.3182914946436445e-05
img6,otsu,11,late_acceptance_de,33.39185180736535,0.18782989576996026,0.9082186065700937,0.006442650038991051,0.9899160608315031,0.00043636068389294586
img6,otsu,11,standard_de,33.40187980008964,0.1791407264346693,0.9094696594618196,0.004806698464110378,0.9899402386254218,0.00040788864120611167
img6,otsu,12,jade,34.94626427518703,0.02718596214837372,0.9273094102994981,0.0012912405506191333,0.9923158989141285,4.8365100642539565e-05
img6,otsu,12,late_acceptance_de,33.939475727881735,0.1576679297555584,0.9181555555999029,0.005690632196884329,0.990305171500202,0.00035161032699575386
img6,otsu,12,standard_de,33.97607976161113,0.20753050780466642,0.9184320949369884,0.005702536700216722,0.9903820628102697,0.00045890776634413153
img6,tsallis,3,jade,19.238790735286805,0.0,0.7164747277980282,0.0,0.9285055751324152,0.0
img6,tsallis,3,late_acceptance_de,19.238790735286805,0.0,0.7164747277980282,0.0,0.9285055751324152,0.0
img6,tsallis,3,standard_de,19.238790735286805,0.0,0.7164747277980282,0.0,0.9285055751324152,0.0
img6,tsallis,5,jade,22.29917192932026,0.03907586313012215,0.7610105449130178,0.0008162790097447376,0.9411020656276281,0.0005422992008631774
img6,tsallis,5,late_acceptance_de,22.306306173217042,0.0,0.7611595763886361,0.0,0.9412010754627047,0.0
img6,tsallis,5,standard_de,22.306306173217042,0.0,0.7611595763886361,0.0,0.9412010754627047,0.0
img6,tsallis,7,jade,23.464119091423193,0.08079148726208096,0.8251469503099713,0.0026577032659149884,0.936934886921127,0.0011832493970530468
img6,tsallis,7,late_acceptance_de,23.523514676087764,0.6706369060982246,0.8238368876007057,0.016111816575065076,0.9370747037558823,0.009940266524459809
img6,tsallis,7,standard_de,23.61485939724741,0.4962180384044752,0.828164962642127,0.009987386634711453,0.9387259132607971,0.0066578719935347355
img6,tsallis,9,jade,26.48779658138851,0.15146444135376522,0.8783707920189728,0.002562114457399988,0.9595659023922474,0.0014070962010828546
img6,tsallis,9,late_acceptance_de,26.241353595251265,1.1331560254552382,0.8728612808301176,0.009823730091576964,0.9557574433518518,0.012081087952035526
img6,tsallis,9,standard_de,26.217852055758293,1.2966803345786915,0.8723742258072783,0.01386166272846221,0.9549016290384603,0.015916507172826642
img6,tsallis,11,jade,27.42715224173606,0.6676683400900406,0.8989264762681992,0.004105188646372284,0.9597807960981446,0.005759099829869523
img6,tsallis,11,late_acceptance_de,27.503709065933908,1.0582053033170706,0.8934576827277245,0.009815151229863522,0.9597737901208643,0.00992042145402456
img6,tsallis,11,standard_de,27.637694024838,1.1912157540650319,0.89329313130151,0.010326866367182011,0.9606988571381155,0.010894183390618048
img6,tsallis,12,jade,28.65517255935145,0.28220929010660073,0.9125770219760996,0.004382751118016682,0.9672211732263495,0.00217961783291487
img6,tsallis,12,late_acceptance_de,28.320037529094353,0.9566776153889217,0.9052486072676506,0.008219635750471457,0.9638673371446846,0.007541745912478972
img6,tsallis,12,standard_de,28.448296388810395,1.2330013657620478,0.9053105099011557,0.00945982924229063,0.9644054645381097,0.009341367406350982
img7,kapur,3,jade,16.929345744362482,0.0,0.6241265272259978,0.0,0.8763893203086273,0.0
img7,kapur,3,late_acceptance_de,16.929345744362482,0.0,0.6241265272259978,0.0,0.8763893203086273,0.0
img7,kapur,3,standard_de,16.929345744362482,0.0,0.6241265272259978,0.0,0.8763893203086273,0.0
img7,kapur,5,jade,27.478252336942145,0.0,0.7532480943013733,0.0,0.9818442545637359,0.0
img7,kapur,5,late_acceptance_de,27.478252336942145,0.0,0.7532480943013733,0.0,0.9818442545637359,0.0
img7,kapur,5,standard_de,27.479702246721885,0.007941482927100636,0.7533576580138521,0.0006001051680867929,0.9818502856800372,3.303378445112994e-05
img7,kapur,7,jade,29.04534338576355,0.09641512515458155,0.8010111706741123,0.0010487901892252392,0.9822770304591539,0.00039358500880818607
img7,kapur,7,late_acceptance_de,29.093717961527382,0.5965604106624093,0.801093131493597,0.015499468957500144,0.9823192774165619,0.0023882341155752763
img7,kapur,7,standard_de,28.904421256975308,0.45877039040922424,0.7973109692527026,0.012105673558638778,0.9815946964581318,0.0020517161468820684
img7,kapur,9,jade,31.67467937096148,0.25551287376502985,0.8573677433265618,0.006017811555963957,0.9875444308015445,0.000722807843048915
img7,kapur,9,late_acceptance_de,31.285797940465326,0.6810136320537346,0.8493525319504983,0.017008290059855068,0.9862331203213786,0.0022571527081377465
img7,kapur,9,standard_de,31.1496324374004,0.7518007532340776,0.8472679823478838,0.017751485351608285,0.9857557833431725,0.002597018728055161
img7,kapur,11,jade,32.45215983560093,0.4231189286133757,0.8691014392923299,0.008750857270856753,0.9872365494507992,0.0011807113109805205
img7,kapur,11,late_acceptance_de,32.05307543017877,1.1510436940772286,0.8627089106981131,0.023735630354655184,0.9855675697773532,0.0041004484976836795
img7,kapur,11,standard_de,32.364727121871766,1.0480824869522603,0.8712635446786657,0.022302093007465128,0.9866437229758992,0.003546745308475809
img7,kapur,12,jade,33.631594672052785,0.18662691683274965,0.8922130882813875,0.004075271612087171,0.989424986468789,0.0004585972872985643
img7,kapur,12,late_acceptance_de,32.9673932426669,1.045652370795237,0.8823877590683102,0.021798729956521448,0.9873269232802055,0.0032129303225374335
img7,kapur,12,standard_de,32.93682506367703,0.9048304788917265,0.8820964628774408,0.01784965116757172,0.9873262833097503,0.0028381608379748876
img7,otsu,3,jade,25.62088607724678,0.0,0.7378166859474499,0.0,0.983292865796814,0.0
img7,otsu,3,late_acceptance_de,25.62088607724678,0.0,0.7378166859474499,0.0,0.983292865796814,0.0
img7,otsu,3,standard_de,25.62088607724678,0.0,0.7378166859474499,0.0,0.983292865796814,0.0
img7,otsu,5,jade,29.460335711988215,4.422818239227205e-05,0.8185627899371649,1.2484023289795962e-05,0.9884971422973031,1.1714616665878464e-07
img7,otsu,5,late_acceptance_de,29.460347333789507,0.0,0.8185660703531836,0.0,0.9884971730797001,0.0
img7,otsu,5,standard_de,29.460347333789507,0.0,0.8185660703531836,0.0,0.9884971730797001,0.0
img7,otsu,7,jade,32.312091311218175,0.002302380701355492,0.8814462264041641,0.0013869595164085697,0.9916486192904209,4.427441105227861e-06
img7,otsu,7,late_acceptance_de,32.159168640767994,0.11883664630551026,0.879772613405787,0.004174696683137633,0.9913461728435915,0.00023806861244459487
img7,otsu,7,standard_de,32.24984760280109,0.11685609083106953,0.8797272477354975,0.0034945184417241437,0.991525063472987,0.00023229045547150235
img7,otsu,9,jade,34.35224859892071,0.007171105204448294,0.920419849003526,0.0014887534831604812,0.9932874499616489,1.1086820072401732e-05
img7,otsu,9,late_acceptance_de,33.7281801473965,0.15020825592017592,0.9130267830019939,0.0042922954696053405,0.9922457177142076,0.00026308381618742776
img7,otsu,9,standard_de,33.752096490141994,0.2286175205610734,0.9123595990093031,0.006374344679203464,0.9922826248654474,0.0003916007442649069
img7,otsu,11,jade,35.79453327856676,0.024371054207565666,0.9422358249739461,0.0014548555437134813,0.9941140672653852,3.312716514386035e-05
img7,otsu,11,late_acceptance_de,34.91052779468517,0.14360285158932037,0.9306972306714713,0.0061879956061066,0.9927816331983862,0.00023909333798331726
img7,otsu,11,standard_de,35.01902783064038,0.1862325819280607,0.9292770056137706,0.005405761468582217,0.9929572697055693,0.0002972884598011069
img7,otsu,12,jade,36.435694525824424,0.028160567368454296,0.945940675738163,0.0026037293809787793,0.9944602528874749,3.596096445799462e-05
img7,otsu,12,late_acceptance_de,35.50202798910149,0.16296319111051497,0.9380604573871776,0.00511199833038165,0.9931270294805538,0.0002594527646812698
img7,otsu,12,standard_de,35.54032965210119,0.16463013076906402,0.9368709637552654,0.00564968479383568,0.9931873253378961,0.00025630946367703386
img7,tsallis,3,jade,18.366743055595578,0.0,0.6568804429620972,0.0,0.9112197705034503,0.0
img7,tsallis,3,late_acceptance_de,18.366743055595578,0.0,0.6568804429620972,0.0,0.9112197705034503,0.0
img7,tsallis,3,standard_de,18.366743055595578,0.0,0.6568804429620972,0.0,0.9112197705034503,0.0
img7,tsallis,5,jade,20.74176278448262,0.11490757575993168,0.7626138287020756,0.0010948846574912764,0.9143338463465522,0.0022498548556993047
img7,tsallis,5,late_acceptance_de,20.655931141712003,0.0,0.761811373795658,0.0,0.9126533598202771,0.0
img7,tsallis,5,standard_de,20.654715134898517,0.004627662251803558,0.7614101835674848,0.0015267783487063584,0.912628851687433,9.326868893051507e-05
img7,tsallis,7,jade,29.024889002164944,0.25822256141907207,0.8481191220930615,0.004531567435194368,0.9821675275934604,0.001041590565922875
img7,tsallis,7,late_acceptance_de,28.986329386006002,0.38928931302352243,0.8478781941816057,0.013127912915380877,0.9819683578062277,0.0016374436715080667
img7,tsallis,7,standard_de,29.03551203309183,0.33317334470674875,0.849049995990167,0.010492559706629769,0.9821896626651588,0.0014017365051420896
img7,tsallis,9,jade,30.42808339524205,0.0741050863243687,0.8843119697844777,0.0029564008480271148,0.983428389533287,0.0002835839581666512
img7,tsallis,9,late_acceptance_de,29.92514376902398,0.3741820057691117,0.8811754275944843,0.013731617463324002,0.9813294738778015,0.0016114926778408834
img7,tsallis,9,standard_de,29.984719530541962,0.3276748526623133,0.8778106702538371,0.011981130347075052,0.9815993205165133,0.0013875995541055286
img7,tsallis,11,jade,31.061321529497636,0.1465874524386838,0.9078503774096727,0.006396785366316891,0.9824866306408915,0.0005938691154827513
img7,tsallis,11,late_acceptance_de,30.351494208914232,0.5934877962071045,0.8950050620432682,0.02069919462168506,0.9791901797017577,0.003130655346778847
img7,tsallis,11,standard_de,30.82103520967355,0.915326156746688,0.9011507685144549,0.01672818282993094,0.9811413092486625,0.0034105936500619487
img7,tsallis,12,jade,31.30734674417706,0.13615967888358646,0.91765969840632,0.0058709659900260365,0.9819480912874943,0.0005697603097030731
img7,tsallis,12,late_acceptance_de,31.854287267672646,1.707820135819108,0.9081530912565967,0.017879010375226028,0.9829929713956486,0.005665070231165641
img7,tsallis,12,standard_de,31.5594312848322,1.6018468420934362,0.9081150411693593,0.01299897497256437,0.9819648621524922,0.005457119048220443
img8,kapur,3,jade,20.800681885713722,0.0,0.7230409472268398,0.0,0.9501020088319111,0.0
img8,kapur,3,late_acceptance_de,20.800681885713722,0.0,0.7230409472268398,0.0,0.9501020088319111,0.0
img8,kapur,3,standard_de,20.800681885713722,0.0,0.7230409472268398,0.0,0.9501020088319111,0.0
img8,kapur,5,jade,23.703471334921712,0.03416160501135065,0.8098494678251759,0.00033716356876122694,0.9573748580535899,0.00033470851973095437
img8,kapur,5,late_acceptance_de,23.71955041295613,0.08964150218847737,0.8099749348321897,0.0006183853149214815,0.9575252023660393,0.0008319337313095808
img8,kapur,5,standard_de,23.703240383737043,0.0,0.8098737607081953,0.0,0.9573738644528398,0.0
img8,kapur,7,jade,26.86784543791676,0.24547120428230437,0.8568411044074976,0.0011705289808583135,0.9711596699506321,0.0015811572695649677
img8,kapur,7,late_acceptance_de,27.19167284520944,0.49918877335429274,0.8532465153727423,0.006056352835754685,0.9730997207466562,0.003136860121266895
img8,kapur,7,standard_de,27.000859801059168,0.5337055845941767,0.85453232328316,0.005576415114683277,0.9718594871133011,0.0036634000956529754
img8,kapur,9,jade,29.909804530586623,0.5108673323407401,0.8886585879045653,0.007219265807831138,0.9815071373210921,0.0019612457423722742
img8,kapur,9,late_acceptance_de,30.38858776650991,0.43659704941318134,0.8662678205663188,0.012192836792136825,0.9834575705471221,0.0017421644321863757
img8,kapur,9,standard_de,30.310433663045192,0.461952658994363,0.8656197017896841,0.012240698461766784,0.9831479357900593,0.0018511804726249362
img8,kapur,11,jade,31.972732148159206,0.15600752267653928,0.8913558865202539,0.004404981913468994,0.9860226756060665,0.0005124795284274094
img8,kapur,11,late_acceptance_de,31.45553886311475,0.5880086378314494,0.8866443729953155,0.014220327500899332,0.9841243557170123,0.002166140502091387
img8,kapur,11,standard_de,31.623852606340005,0.5894807082402441,0.8865665824520649,0.011264290853589057,0.9847249023773353,0.002142875837674397
img8,kapur,12,jade,32.642615168328035,0.12991097978097807,0.9028920106379681,0.003510381002344101,0.9869341479020314,0.0003914982582583144
img8,kapur,12,late_acceptance_de,31.937515708627426,0.532877693659076,0.8964431660683788,0.01029163748070984,0.9845263209591556,0.001882478003668746
img8,kapur,12,standard_de,32.044364535074045,0.5788359102684544,0.9011017020044927,0.010150023899128847,0.9848833105280119,0.001979717449702403
img8,otsu,3,jade,23.800418536838876,0.0,0.732125680523623,0.0,0.9749902473395189,0.0
img8,otsu,3,late_acceptance_de,23.800418536838876,0.0,0.732125680523623,0.0,0.9749902473395189,0.0
img8,otsu,3,standard_de,23.800418536838876,0.0,0.732125680523623,0.0,0.9749902473395189,0.0
img8,otsu,5,jade,27.459291838872456,6.099649662848613e-05,0.812483392834901,9.483364575274515e-05,0.9820497369964495,2.521154106445006e-07
img8,otsu,5,late_acceptance_de,27.459296377896678,8.463080277849638e-05,0.8125213687204372,3.777088761411705e-05,0.9820497557555549,3.498131598982844e-07
img8,otsu,5,standard_de,27.45930516582188,3.649735411085176e-05,0.8125041127658889,5.674386795996681e-05,0.9820497920804218,1.508536707473488e-07
img8,otsu,7,jade,29.83618579867558,0.004088487178413007,0.8601693713213014,0.0007053778418322818,0.985461833379221,1.3699804409214093e-05
img8,otsu,7,late_acceptance_de,29.697394724508307,0.11527347394861151,0.8577753325327934,0.004717719813408737,0.9849845982651303,0.00040062062418556085
img8,otsu,7,standard_de,29.7758227637401,0.08171912337421519,0.8614181594635836,0.002785990000543192,0.9852558086634216,0.0002823792858892716
img8,otsu,9,jade,31.98490778603533,0.007527704668544139,0.8965141119079995,0.000641086372138369,0.9886032149473573,1.976634203575088e-05
img8,otsu,9,late_acceptance_de,31.444807108003864,0.12974965667942503,0.8867843464427396,0.005803500886318869,0.9870884898331221,0.00037936450639632096
img8,otsu,9,standard_de,31.485538573324565,0.16794329198262956,0.886068133541612,0.004659805572097344,0.9872051942861639,0.0004976596708848533
img8,otsu,11,jade,33.67130661426105,0.0195557000214364,0.9184221321946974,0.0011381641540742424,0.9905529486610977,4.253911224246524e-05
img8,otsu,11,late_acceptance_de,32.87325079114729,0.17336890778482836,0.9098265254689443,0.005694626867842347,0.9886386003498793,0.0004531181634915995
img8,otsu,11,standard_de,32.9084904098883,0.18835249444090046,0.9090039095765421,0.005700415436743716,0.9887289937979608,0.00047829423284871507
img8,otsu,12,jade,34.418952747469156,0.022721922384940745,0.9266229099263573,0.001098369229768093,0.9913239565314221,4.546920651086749e-05
img8,otsu,12,late_acceptance_de,33.51242124240473,0.214677080338708,0.9178024053415529,0.005904451564598088,0.9892976142519473,0.0005270596306602656
img8,otsu,12,standard_de,33.55504631771181,0.19727589401384066,0.9182699566954826,0.00524174697664287,0.9894041253926005,0.0004765112494975693
img8,tsallis,3,jade,21.373630049562728,0.0,0.7152722457403389,0.0,0.9562691171149198,0.0
img8,tsallis,3,late_acceptance_de,21.373630049562728,0.0,0.7152722457403389,0.0,0.9562691171149198,0.0
img8,tsallis,3,standard_de,21.373630049562728,0.0,0.7152722457403389,0.0,0.9562691171149198,0.0
img8,tsallis,5,jade,24.614464026916533,0.017762664745825486,0.816523374654624,0.00034628265340534204,0.9654413210512397,0.00014279356085005756
img8,tsallis,5,late_acceptance_de,24.617910359257436,0.0011937029900923996,0.8164927318283514,3.477152783934507e-05,0.9654690139570022,9.49786714877768e-06
img8,tsallis,5,standard_de,24.618128298608976,0.0,0.8164990802117369,0.0,0.9654707480223641,0.0
img8,tsallis,7,jade,27.021448055731934,0.07665709580266807,0.856556416319122,0.0013094008180698268,0.9721997206026295,0.0004967269640594735
img8,tsallis,7,late_acceptance_de,26.830178819828053,0.33636477062527187,0.8535463880046983,0.006065366799062998,0.9708684977576091,0.0022408957531316036
img8,tsallis,7,standard_de,27.027664006568234,0.2822156823164508,0.8564967527112375,0.0035849513425763053,0.9721871673884742,0.0018023837760363843
img8,tsallis,9,jade,29.05012833843017,0.10886076854740866,0.8913938842610947,0.0012545218776149004,0.9775925424142442,0.0005683170021386029
img8,tsallis,9,late_acceptance_de,28.774536494419188,0.5086511575506681,0.884045707609345,0.00894875755553561,0.9759705711758001,0.002884263474768746
img8,tsallis,9,standard_de,28.82045978191635,0.5934478262041739,0.8852800416245203,0.008141376417282329,0.9761635913376673,0.0033806750185508953
img8,tsallis,11,jade,30.400810986594887,0.10203827457237469,0.9127294564541392,0.001699664301428297,0.9799341634019716,0.00047042394859205113
img8,tsallis,11,late_acceptance_de,29.786965540249884,0.9551808562845789,0.906165821535512,0.008942231356094526,0.9763334318810113,0.00546865212307232
img8,tsallis,11,standard_de,29.918262879366004,0.6967711970993904,0.9077525027132196,0.007548543960990633,0.9772946403021503,0.0038313847673265644
img8,tsallis,12,jade,30.695671583871665,0.0662660325420959,0.9223714732239184,0.003084242851843751,0.9795500159896827,0.00031223719719169915
img8,tsallis,12,late_acceptance_de,30.334923886694206,0.8746732484828105,0.9110493064705028,0.010911277911988104,0.9773529254254449,0.00439484676589354
img8,tsallis,12,standard_de,30.238596462788784,1.082045222441301,0.9132684158448316,0.007717301506923152,0.9766374624511026,0.005311182765311863
img9,kapur,3,jade,19.13786816624263,0.0,0.7427641259529071,0.0,0.9268247131165094,0.0
img9,kapur,3,late_acceptance_de,19.140615908099985,0.013259637084492404,0.7427244990735203,0.00019090357455878293,0.9268706679919994,0.00022158989056505758
img9,kapur,3,standard_de,19.166233810522908,0.08655168664416799,0.7433998586398134,0.00193980209872529,0.9272873786471064,0.0014117247480654248
img9,kapur,5,jade,21.877472164304145,0.01822106649023877,0.8186774441160058,0.0001968503339213329,0.9350982432514999,0.0002694107121477632
img9,kapur,5,late_acceptance_de,21.874189836516642,0.0,0.8186457395052782,0.0,0.9350497216905364,0.0
img9,kapur,5,standard_de,21.874189836516642,0.0,0.8186457395052782,0.0,0.9350497216905364,0.0
img9,kapur,7,jade,23.86996107478233,0.1383150901368891,0.8616425081729212,0.000596217007767676,0.9425424799248727,0.0018561688580536753
img9,kapur,7,late_acceptance_de,23.882645999128005,0.3722363383077624,0.8597683805715235,0.0024089499245118773,0.9425365069338041,0.004865860016592624
img9,kapur,7,standard_de,23.844468277899903,0.4834257898855437,0.8596289118758932,0.0031554157667317254,0.9418832612961977,0.00656127676953821
img9,kapur,9,jade,30.000214261969578,0.1786158098167463,0.8711591453533919,0.0031827671710848793,0.9819869995790876,0.0006793072690344643
img9,kapur,9,late_acceptance_de,29.841178643948986,1.3751220317409585,0.8762914453534212,0.009775079147590888,0.9800758657058173,0.009834071165237436
img9,kapur,9,standard_de,30.101388961405462,0.5530871668475107,0.8733574756226274,0.00980116293280629,0.9822745677184412,0.0023167026811384047
img9,kapur,11,jade,32.16665600741342,0.14033367993741844,0.90189924659728,0.0016924814181897246,0.9866346972797901,0.00043949692046766053
img9,kapur,11,late_acceptance_de,31.12902114929322,0.6841675936024496,0.8921492683460344,0.00875769095049694,0.9828229508880847,0.0028920216475709125
img9,kapur,11,standard_de,31.39782764925572,0.597740742231659,0.8936847811733888,0.008665887760368323,0.9839049572269603,0.002284056045620632
img9,kapur,12,jade,32.95220827269756,0.1048070524266608,0.9128150642181438,0.0015357839021396878,0.9878349716015522,0.0002952757103472652
img9,kapur,12,late_acceptance_de,31.906205721206245,0.6297414272369194,0.9028166004364094,0.008403997342676956,0.9843678409185735,0.002281850986763769
img9,kapur,12,standard_de,32.033347834781885,0.6165193551740966,0.9041121418929815,0.007053829412291106,0.984827316610517,0.002125675935003451
img9,otsu,3,jade,22.846292075168904,0.0,0.7359312477173569,0.0,0.9688454098112109,0.0
img9,otsu,3,late_acceptance_de,22.846292075168904,0.0,0.7359312477173569,0.0,0.9688454098112109,0.0
img9,otsu,3,standard_de,22.846292075168904,0.0,0.7359312477173569,0.0,0.9688454098112109,0.0
img9,otsu,5,jade,26.98838984675688,0.00019544420501961844,0.8254244751841843,0.00018621046102731525,0.9799939653918606,9.003946636809625e-07
img9,otsu,5,late_acceptance_de,26.98844119101689,0.0,0.8254662137402689,0.0,0.9799942019304457,0.0
img9,otsu,5,standard_de,26.98844119101689,0.0,0.8254662137402689,0.0,0.9799942019304457,0.0
img9,otsu,7,jade,29.610541918417418,0.002347159819681697,0.8669952165615362,0.00040742358027912284,0.9846865196649762,8.28002139358997e-06
img9,otsu,7,late_acceptance_de,29.481283700925697,0.13773103210076085,0.8648008159192516,0.0029683899950704255,0.9842161846881506,0.0005048745433699054
img9,otsu,7,standard_de,29.57826032400791,0.10725205773288157,0.8668999252848418,0.0009498135183493195,0.9845676162652938,0.00039454611524362867
img9,otsu,9,jade,31.830338244389015,0.009206978579346391,0.8985663769508476,0.000470903717528211,0.9881902793510451,2.5065269430632988e-05
img9,otsu,9,late_acceptance_de,31.17686448472814,0.1947001180459209,0.8920942975827114,0.00425333131809025,0.9862592803576793,0.0006196726266242175
img9,otsu,9,standard_de,31.259394132069538,0.2726275337133442,0.8932422201306344,0.004688765830769948,0.9865058483338663,0.0008248194566887501
img9,otsu,11,jade,33.478062386451015,0.02716792931261279,0.9205212480551597,0.0005605759915553084,0.9901230084641562,6.20705585506309e-05
img9,otsu,11,late_acceptance_de,32.513422630746156,0.17683814376621806,0.9121264501758155,0.0030836974653848212,0.9876568085712634,0.0005005637059808329
img9,otsu,11,standard_de,32.49434757711426,0.17346009918305316,0.9106577710046054,0.0037404710720333875,0.9876028902549123,0.0004901480436763114
img9,otsu,12,jade,34.10854571353419,0.02197220772985488,0.9273096006930946,0.0005886400328378526,0.9906811559052494,4.7182942631250017e-05
img9,otsu,12,late_acceptance_de,33.01280668036625,0.16001407979603463,0.9180226903902583,0.003203406530229568,0.9879990993957021,0.00043832002463949153
img9,otsu,12,standard_de,33.09862216881322,0.2252660591896138,0.9184001558563335,0.003682349647235643,0.9882263095522866,0.0006089814819503213
img9,tsallis,3,jade,20.35682036272886,0.0,0.7556285434155104,0.0,0.9447325770933933,0.0
img9,tsallis,3,late_acceptance_de,20.35682036272886,0.0,0.7556285434155104,0.0,0.9447325770933933,0.0
img9,tsallis,3,standard_de,20.35682036272886,0.0,0.7556285434155104,0.0,0.9447325770933933,0.0
img9,tsallis,5,jade,22.73899650784666,0.03378711353609665,0.8131764866028643,8.951739113851954e-05,0.946775310001211,0.0004183195121224919
img9,tsallis,5,late_acceptance_de,22.750069581994396,0.0,0.8131471490061937,0.0,0.9469124061449886,0.0
img9,tsallis,5,standard_de,22.702532450144606,0.1450493737836822,0.813578064308812,0.001314845729357149,0.9462983231723509,0.001873742633733048
img9,tsallis,7,jade,24.378427335164528,0.0957636406520304,0.8620268254264299,0.0006817146911352211,0.9489039564818871,0.0011252954944961926
img9,tsallis,7,late_acceptance_de,24.40470240420047,0.4438279833640941,0.8598755794888413,0.0040679755750713505,0.9489638922679268,0.005325258220273628
img9,tsallis,7,standard_de,24.40141321985427,0.2846377614426639,0.8605785503636496,0.0029456915065903806,0.9490801044310981,0.0033403421477775914
img9,tsallis,9,jade,26.121048352001768,0.28841307408280087,0.8857143328343237,0.0009560006618255348,0.9559344571493932,0.0029556321436765144
img9,tsallis,9,late_acceptance_de,26.16242142369151,1.1517782629461357,0.8828106105497079,0.0052272611853159704,0.9549110531971219,0.01250976118885164
img9,tsallis,9,standard_de,25.96258147308699,1.103729254538051,0.8801201380903204,0.005361711022572898,0.95293608076114,0.012353622584913614
img9,tsallis,11,jade,27.697856693463823,0.3944346001761005,0.9052411587846342,0.0013926761299338818,0.9624694917413261,0.003458417773685776
img9,tsallis,11,late_acceptance_de,28.45526656701515,1.4057118677631928,0.9015727414333499,0.006296737001736012,0.9669197454160763,0.011311956824405896
img9,tsallis,11,standard_de,27.350426392138743,1.6792649790694258,0.8967054068911416,0.006716618185327201,0.9564037185639767,0.017494206243636703
img9,tsallis,12,jade,28.112472721642938,0.6008189147639498,0.9123287807116305,0.0020506917832010256,0.962594038343325,0.00511491524742912
img9,tsallis,12,late_acceptance_de,28.81500967672283,1.6340072620702943,0.9080310745905827,0.005808601477307014,0.9662193973575192,0.013073910665938103
img9,tsallis,12,standard_de,28.801308853633802,1.316000424531789,0.9087523769913461,0.007217447471219175,0.9669257873022238,0.010271994872827437
