dataset,objective,k,algorithm,psnr_mean,psnr_std,ssim_mean,ssim_std,uniformity_mean,uniformity_std
bsd500,kapur,3,late_acceptance_de,19.482936561443132,1.635331038911652,0.7330101228962139,0.045510521652551504,0.9244228806041765,0.02989660335931004
bsd500,kapur,5,late_acceptance_de,22.480138302819373,2.4816387785668397,0.808133679042087,0.03362312013961844,0.9316090465820946,0.03901995203653365
bsd500,kapur,7,late_acceptance_de,25.545531194040496,3.474729837009769,0.8462329601343916,0.029862772827413713,0.9435830084338549,0.05420184892535479
bsd500,kapur,9,late_acceptance_de,28.940934775157785,3.781414400184382,0.870175772011878,0.028320362136928262,0.958497144634133,0.0630803413373782
bsd500,kapur,11,late_acceptance_de,30.29233255224337,3.9450465313757026,0.8894168195033683,0.0295568445596075,0.958430393410478,0.07374924976578372
bsd500,kapur,12,late_acceptance_de,31.09995142308192,3.892387855937846,0.8994358432709686,0.027900745588244485,0.9612057986389332,0.0737143686593582
bsd500,otsu,3,late_acceptance_de,24.537008065541404,1.1806202814958302,0.7418989557703911,0.034657675179075455,0.9774358782448286,0.005017220659961653
bsd500,otsu,5,late_acceptance_de,28.32822142295432,1.1253176589866094,0.8371275300460814,0.029613500903169755,0.9843496261222012,0.003175886292445515
bsd500,otsu,7,late_acceptance_de,30.798186792923595,1.1365090409327467,0.8828484900078422,0.018417911374725614,0.9875810139689928,0.002595857727791482
bsd500,otsu,9,late_acceptance_de,32.416338621484584,1.2275967302251427,0.908599063864008,0.016198714012211055,0.9889448770867144,0.0024686983922872843
bsd500,otsu,11,late_acceptance_de,33.74138748228793,1.2606280987948542,0.9259797160488502,0.013981775516103086,0.9900197536083516,0.0022787016138171344
bsd500,otsu,12,late_acceptance_de,34.29624692122939,1.2471409478359754,0.9322742286381818,0.012741045292880577,0.9904212580467703,0.002187072311927004
bsd500,tsallis,3,late_acceptance_de,19.96861791788002,1.5105688682584797,0.7367714398631688,0.038810281948210096,0.9330560161737164,0.025703303958151236
bsd500,tsallis,5,late_acceptance_de,22.27752292530908,1.9059610135121348,0.8104510603346957,0.03149204739433379,0.9317765357472229,0.03605832173955409
bsd500,tsallis,7,late_acceptance_de,24.86545381240971,2.7262967308555597,0.8529105190920264,0.022795387003067744,0.940541266008763,0.049681719780445915
bsd500,tsallis,9,late_acceptance_de,26.8159182005653,3.2055603870604017,0.8821046886639214,0.024986019303919766,0.9454758095507735,0.059151033689512106
bsd500,tsallis,11,late_acceptance_de,27.982047077936446,3.418030583621747,0.899139423018995,0.027693314813503844,0.9450458423475723,0.06954656991112891
bsd500,tsallis,12,late_acceptance_de,28.62697101166307,3.6094662130500943,0.9060132305420939,0.027792554984583447,0.9459044610420034,0.07226728645849004
