,,,,fitness,fitness,psnr,psnr,ssim,ssim,uniformity,uniformity,time,time
,,,,mean,std,mean,std,mean,std,mean,std,mean,std
image,objective,K,algorithm,,,,,,,,,,
img1.png,kapur,3,L-SHADE,15.059151442245138,0.0,21.74718388345038,0.0,0.785052281251395,0.0,0.9592364329259675,0.0,0.7972359433333622,0.0418257123286412
img1.png,kapur,3,SHADE,15.059151442245138,0.0,21.74718388345038,0.0,0.785052281251395,0.0,0.9592364329259675,0.0,0.7995367800001987,0.019937053740475025
img1.png,kapur,5,L-SHADE,20.311114743251796,0.00045700958572114317,23.36713350901297,0.005437470823705421,0.8529504230084225,0.000569498375788316,0.9532128817461796,5.8571641298741594e-05,0.8341785499971592,0.02338455520452934
img1.png,kapur,5,SHADE,20.31088257738162,0.0006180479408539894,23.369725431514166,0.016578690894293677,0.8529117801159901,0.0005182010198983645,0.9532405044488196,0.0001770163635466017,0.6592146266639853,0.05191522771279133
img1.png,kapur,7,L-SHADE,24.888873252474028,0.007165361734416583,24.983721991045247,0.1713628732244588,0.8677075320477947,0.0026186443383418054,0.9548228670919022,0.0017560899679782641,0.784330360001574,0.09440678885087855
img1.png,kapur,7,SHADE,24.890491947286876,0.006163711703102325,25.03999047427357,0.17711843313271236,0.8677808885789312,0.0025251254216350823,0.955401405919691,0.0018487222609451998,0.8059292566642398,0.04440096823779078
img1.png,kapur,9,L-SHADE,28.992845830243873,0.040389639471555355,26.083678124323974,1.0548970511971902,0.8901813189885834,0.004819231513603808,0.953896714760237,0.008420348244516686,0.8233931233310917,0.06934982280429192
img1.png,kapur,9,SHADE,29.012503210805697,0.03503841388746488,25.938175084995347,0.38546819874472943,0.8897941476291095,0.004325527641643753,0.9532340864082794,0.004082055887787078,0.7787655733331728,0.0484885064542369
img1.png,kapur,11,L-SHADE,33.09331605900225,0.051566838773903716,32.43747057055209,0.4121796689622747,0.9015170945103603,0.006241458620444072,0.9871929235462711,0.0012591235961846806,0.8628525433324588,0.08111326162068916
img1.png,kapur,11,SHADE,33.14778585676501,0.02962882090121209,32.469233691454995,0.2970569590939119,0.9018459512611614,0.004574723965121124,0.9873139397591693,0.0008766138776956159,0.8149294766655657,0.020935419425129623
img1.png,kapur,12,L-SHADE,35.084297346240234,0.07738303328965675,32.91074893275327,0.4357331022614557,0.9076017860889507,0.00709070800636409,0.9874648386613268,0.001295740487688774,0.9493124833349914,0.029437975978634432
img1.png,kapur,12,SHADE,35.201206777461316,0.04496229717071958,32.95770924052461,0.2924560318227838,0.90791532772417,0.005210526794643551,0.9876341163105721,0.0008257561985668917,0.7525442700027877,0.07547152171040833
img1.png,otsu,3,L-SHADE,4303.955068844834,0.0,23.750322097317145,0.0,0.7676079864681332,0.0,0.9742985065897026,0.0,0.7662745899986476,0.06923867830130098
img1.png,otsu,3,SHADE,4303.955068844834,0.0,23.750322097317145,0.0,0.7676079864681332,0.0,0.9742985065897026,0.0,0.7135711566671186,0.09294739574079516
img1.png,otsu,5,L-SHADE,4469.7996225435445,0.031092456148251107,27.78278472625142,0.001246069845053788,0.8491088380787594,0.0009881896336633848,0.9830737456319305,4.8575131854166855e-06,0.7855596133381672,0.06852384410396088
img1.png,otsu,5,SHADE,4469.798568211277,0.04205744345179631,27.78274260677663,0.0016850651765685325,0.8491721746279375,0.000761630610715378,0.9830735809156769,6.570551555555451e-06,0.6712251799976608,0.07863129858230848
img1.png,otsu,7,L-SHADE,4517.917974322405,0.20027360371003064,30.33306511772779,0.01438565764771883,0.8796086285119007,0.0011645967713310196,0.9868276533412484,4.380369091755928e-05,0.7127546866657213,0.02432656836975731
img1.png,otsu,7,SHADE,4517.920105918817,0.16397623895927801,30.333211268599438,0.011804406948605236,0.8794601479147465,0.0004933458161356933,0.9868281195624011,3.5864758790591646e-05,0.7227755633347746,0.08424081872861854
img1.png,otsu,9,L-SHADE,4539.458599170979,0.34756422718211577,32.25562697516818,0.03896085242236252,0.9076944799860939,0.0019110099555595663,0.9891215746343709,9.773869439114088e-05,0.7484432166684807,0.0272079981117733
img1.png,otsu,9,SHADE,4539.776937618322,0.2779989265257221,32.29145430902267,0.03139603584445425,0.9079911402185484,0.0011868859420559705,0.989211094733922,7.817620455659236e-05,0.7046016199989632,0.09137451550536665
img1.png,otsu,11,L-SHADE,4550.434041711133,0.629763026808992,33.705704285164146,0.09872215696592415,0.9243055338808666,0.002938748257318106,0.990476424671941,0.00021645060209973,0.8523057033336954,0.0664648313085181
img1.png,otsu,11,SHADE,4551.176823283814,0.3758847712591358,33.82303258420326,0.060116857591364155,0.9245038681887288,0.0018358941355194848,0.9907317199366534,0.00012919222246403366,0.7878205533372238,0.07824087680570174
img1.png,otsu,12,L-SHADE,4554.137758421551,0.7253027694911396,34.32967035454926,0.13073213000359493,0.932402786095171,0.0033051399352370023,0.9909993435773453,0.0002719502955489482,0.8177387699998993,0.06276482860555027
img1.png,otsu,12,SHADE,4555.166557965176,0.3949705359433552,34.51861733330551,0.07459462242187394,0.9340895295746896,0.001868072122591678,0.9913850891607322,0.00014809312538298171,0.726855313332635,0.09372215965447425
img1.png,tsallis,3,L-SHADE,241.88270843315448,0.0,21.834488827485924,0.0,0.7833693780779566,0.0,0.9600477091961998,0.0,0.7645344666641904,0.07920554529941869
img1.png,tsallis,3,SHADE,241.88270843315448,0.0,21.834488827485924,0.0,0.7833693780779566,0.0,0.9600477091961998,0.0,0.7003272033315928,0.03198194346393125
img1.png,tsallis,5,L-SHADE,2936.791941302371,0.6592472757519952,23.692190185155585,0.0370401239808014,0.8519257935207882,0.0013373307419774674,0.9565854318569161,0.00036724449642823356,0.760517153335968,0.06910463925407223
img1.png,tsallis,5,SHADE,2936.748045771036,0.9093853071496381,23.699945372348267,0.04272029641427138,0.8517065808923184,0.0016290575594347125,0.9566623885205898,0.00042251901540231066,0.6901907966685636,0.03572970184388439
img1.png,tsallis,7,L-SHADE,28168.45285841671,100.47359109524493,25.232635726284915,0.17583111640295657,0.8675835943374962,0.002636619905057461,0.9573378662950576,0.0016890410252905325,0.852256889998292,0.07251925348201109
img1.png,tsallis,7,SHADE,28212.917776257047,62.52787264766228,25.227953956008058,0.13440036471315242,0.8663012160356733,0.0021471071890849596,0.9573055643180785,0.0013046044378355944,0.7597481333330507,0.07991275910286236
img1.png,tsallis,9,L-SHADE,213072.2111992709,2222.407409380763,26.357520431091686,0.35565796144006084,0.8907342058327447,0.00320773835159171,0.9575608856313728,0.003482589072526233,0.8191253966651857,0.071557062966627
img1.png,tsallis,9,SHADE,214055.59777789374,1601.207537846569,26.370257534008875,0.2729026995120112,0.891610338401414,0.0037978914968446603,0.9577407328248175,0.0026932685193163004,0.6996449533316385,0.026826827847224108
img1.png,tsallis,11,L-SHADE,1244706.4926265616,39051.838231458896,27.250412272018643,0.5835627183517477,0.9088790679588846,0.004229465260268472,0.957539355829973,0.0057149279185171225,0.9785807533296368,0.04322344709600925
img1.png,tsallis,11,SHADE,1297510.5492882447,19731.185771605924,27.350829252532133,0.5134105792759087,0.908344109229397,0.003308653004581448,0.9585971057723425,0.004715128840043449,0.7785813166682298,0.0873640771348181
img1.png,tsallis,12,L-SHADE,2756440.507601558,135199.01736148098,28.028871303975226,0.9177126986280594,0.9149303910389287,0.0046905548774382735,0.9607814066348943,0.008242152536240051,0.8557376433319102,0.025755705369094703
img1.png,tsallis,12,SHADE,2998811.3886826797,62666.21247000821,27.682443600863056,0.338212932556579,0.9159681564893314,0.002874785098045229,0.9583085189633158,0.0031343546846088503,0.8072953466675244,0.08566606127600337
img10.png,kapur,3,L-SHADE,14.641710282171742,0.0,19.693423128285257,0.0,0.7444638487893435,0.0,0.929095017980707,0.0,0.8179013566637877,0.022548218938827358
img10.png,kapur,3,SHADE,14.641710282171742,0.0,19.693423128285257,0.0,0.7444638487893435,0.0,0.929095017980707,0.0,0.7488474733332017,0.07811685088329257
img10.png,kapur,5,L-SHADE,19.64205642410218,0.0006656841615840785,20.488472415143892,0.0013858460514805861,0.8083005585267776,0.0003272553714113584,0.9015942232940166,3.140302060137537e-05,0.838979066668738,0.049303859857128006
img10.png,kapur,5,SHADE,19.641744719484834,0.0008781156074250138,20.503011812014414,0.04364050734322059,0.8080227730955862,0.0009142959631651196,0.9019183771633678,0.0009727055683966549,0.8053139433371447,0.02093850960133349
img10.png,kapur,7,L-SHADE,24.75194106182048,0.009009240124946642,29.759734039201412,0.08136177594371871,0.859662185488073,0.0018596468068302697,0.9837034410857285,0.0003040352695897738,0.7549441000000419,0.06748911850599047
img10.png,kapur,7,SHADE,24.756315101149873,0.00636349926247296,29.785117356653664,0.07456014551755173,0.8599740112409306,0.0013272631468456138,0.983798845255267,0.00027806488237707653,0.7224346766636397,0.0677240448779574
img10.png,kapur,9,L-SHADE,29.320623046541748,0.043156446097939054,31.278812303703138,0.1518518697099495,0.8892020043538377,0.004509544208786289,0.9852252938287257,0.0005263273635055125,0.8262960033316631,0.08060089364420689
img10.png,kapur,9,SHADE,29.346372313178055,0.02611870049415683,31.341303252622183,0.12582961493582187,0.8894058153255536,0.0037455701398854528,0.9854391291115275,0.0004260643170101162,0.6563437433321572,0.03253772815115414
img10.png,kapur,11,L-SHADE,33.40801459472326,0.07244969280315278,32.889448698550126,0.36154539508007044,0.9150982681957012,0.006612874657747288,0.9875026350307085,0.0010601438096824903,0.8412931500002742,0.06729207534532898
img10.png,kapur,11,SHADE,33.48734923636321,0.027867037028177277,33.0439306264476,0.24295330483522823,0.916524006999489,0.004142903733736708,0.9879615204010181,0.0007008511665848731,0.7015319266618463,0.07618473794278731
img10.png,kapur,12,L-SHADE,35.257421490822516,0.10390836220909098,33.521291301527995,0.26820755114944406,0.9247107178381138,0.004751402811800546,0.9882308298055202,0.0007207481082543409,0.8356048233312322,0.05832363706210225
img10.png,kapur,12,SHADE,35.42610237434249,0.04935796633942945,33.57358695429916,0.1876846079317039,0.9251596061914455,0.0034588570440405287,0.9883826656751609,0.0004910611094837186,0.7723759400047129,0.07138701650178966
img10.png,otsu,3,L-SHADE,4343.1663193399945,0.0,24.592544804534896,0.0,0.7246306638188248,0.0,0.9770509567938193,0.0,0.7335854699990402,0.0816102304831318
img10.png,otsu,3,SHADE,4343.1663193399945,0.0,24.592544804534896,0.0,0.7246306638188248,0.0,0.9770509567938193,0.0,0.6752128800028003,0.03866300704158239
img10.png,otsu,5,L-SHADE,4466.89889979681,0.012196187251672238,28.03967736448634,0.0005186094833986628,0.8219969931575367,7.246508577894148e-05,0.9827058158043639,2.065435020350467e-06,0.7141989766610398,0.06252278787178352
img10.png,otsu,5,SHADE,4466.890226680311,0.021811746714349902,28.039308598420003,0.0009273705779518902,0.8219120480699806,0.00012869118566814447,0.9827043470044691,3.6938384586761987e-06,0.7604245899943635,0.06513941320448349
img10.png,otsu,7,L-SHADE,4513.907884470723,0.16904701461229085,30.718405477343925,0.013315964930817702,0.8843913982848691,0.0009517254676341666,0.9869335600914393,4.007956450704948e-05,0.7485903566674097,0.06589559911663204
img10.png,otsu,7,SHADE,4513.919045281663,0.18107014290878284,30.719287941358417,0.01424382556164036,0.8845753620981075,0.0010445370971590433,0.9869362062218253,4.293014277517155e-05,0.659667423334516,0.035779052963810495
img10.png,otsu,9,L-SHADE,4531.383452245656,0.40780664289626267,32.375028721365595,0.046904773470313244,0.9093184451217708,0.0020668264817897543,0.9885273964920085,0.0001243123435136046,0.8127644100013034,0.0790544582907194
img10.png,otsu,9,SHADE,4531.707130146582,0.26600198608952996,32.412401789756835,0.03092217805876465,0.9103238434564882,0.001332326924102728,0.9886260637381376,8.108580584969558e-05,0.7431078233300165,0.08731179901932519
img10.png,otsu,11,L-SHADE,4541.451483069131,0.5384038513383639,33.72756957449998,0.08430313988785099,0.9283058989904163,0.0030496553094427905,0.9897289947389659,0.00020059416297383675,0.789217863335701,0.03524306994203932
img10.png,otsu,11,SHADE,4542.258101028678,0.2701952531241223,33.85595649884262,0.043715578057616084,0.930164773182367,0.002309126821061599,0.9900295179503671,0.00010066716741577234,0.6931855699978768,0.07846339473706346
img10.png,otsu,12,L-SHADE,4544.9613618357,0.644001767639762,34.31970959639303,0.1157414202314014,0.9353918797956928,0.0032784061997605464,0.990221829510574,0.0002617494356104256,0.966609509998428,0.041699860960454166
img10.png,otsu,12,SHADE,4545.840161536942,0.2597550324391335,34.48009042150114,0.04885701839472832,0.9379284374618951,0.001909730990180923,0.990579010713131,0.00010557538279252357,0.800286673331478,0.045612217664163186
img10.png,tsallis,3,L-SHADE,212.25853133242742,0.0,19.764364772080512,0.0,0.7423947753143456,0.0,0.9302438365147765,0.0,0.788747713334548,0.08551880266598506
img10.png,tsallis,3,SHADE,212.25853133242742,0.0,19.764364772080512,0.0,0.7423947753143456,0.0,0.9302438365147765,0.0,0.7176978166661381,0.040208148293108
img10.png,tsallis,5,L-SHADE,2280.2188460909833,0.642631656604685,21.510597813869715,0.07267844265131983,0.8041719183988685,0.00047663232846108483,0.9222200756854294,0.001324853529656521,0.79918071666519,0.0860110517578321
img10.png,tsallis,5,SHADE,2280.039384281147,0.8476524174449251,21.516555204337067,0.08302877747091003,0.8040926249972402,0.0006088994087305265,0.9223232639781511,0.0015421382067843533,0.8553477600032541,0.028998890901335884
img10.png,tsallis,7,L-SHADE,20497.220816332512,65.25079164509903,28.117343976512622,0.19822462429713422,0.87214298841471,0.0017434816025913773,0.9761932509577279,0.0010919680859091626,0.7627474433325309,0.02943934933892023
img10.png,tsallis,7,SHADE,20518.358055158045,61.17117354806231,28.078615240475585,0.20592220798823277,0.8715508432059161,0.0012680807024668113,0.9759782141527149,0.0011358866986526381,0.7448635766690131,0.0717047428368618
img10.png,tsallis,9,L-SHADE,163833.7358503863,3436.5400079499796,31.489932281066746,0.3065019516650542,0.8918699367841493,0.006727659946044909,0.9859017378697877,0.000956807322922293,0.8175345033339302,0.05276068849601187
img10.png,tsallis,9,SHADE,166584.94667341598,2377.880985791896,31.440763623748854,0.2425787613363909,0.8915141739094599,0.00484206377111451,0.9857538469888889,0.0007577123729700416,0.8429339699980726,0.06595511727116538
img10.png,tsallis,11,L-SHADE,1184836.945567916,44225.79645587288,33.117611010247494,0.18655203145053056,0.9185884070392818,0.004127131995975298,0.9881718422932535,0.0005089116161837208,0.9879969033335025,0.02787061816800882
img10.png,tsallis,11,SHADE,1236299.1209604363,33370.186801110074,33.06364317264143,0.2333872931733113,0.9172361228075885,0.0038585866791278635,0.9880178118290152,0.0006501406425926415,0.8176588499986489,0.07962340707862599
img10.png,tsallis,12,L-SHADE,2947882.411815747,177749.61771451074,33.62588731690483,0.30298922102851356,0.9260317020359025,0.005527424508639906,0.9885047781164757,0.0008091762517723982,0.9479662366657673,0.08546528288900342
img10.png,tsallis,12,SHADE,3135044.47745072,106212.75960706358,33.621140584289236,0.2738338008544835,0.925721680785795,0.004173823279691892,0.9884974939375699,0.0007163320208634326,0.7572121500018208,0.07659764655761002
img10_gt.png,kapur,3,L-SHADE,11.283193997386439,0.00011961974378738511,27.269907790277514,0.017109767871084237,0.9138124403430055,0.003382084820997725,0.9887497091224167,4.477153928646395e-05,0.6800317266655233,0.06639521075222546
img10_gt.png,kapur,3,SHADE,11.283128478954444,0.00022652729475417899,27.260536384460845,0.03240125172478151,0.9119599961951491,0.0064047497584646075,0.9887251867404153,8.478513124528852e-05,0.6542694966658018,0.023203672637643447
img10_gt.png,kapur,5,L-SHADE,15.88666236376108,0.004302620948906746,27.466968910197373,0.0003079302063383764,0.9242351124742544,1.5807638716337747e-05,0.9820814398029752,1.2703803535343797e-06,0.7688851033318012,0.06702447735388388
img10_gt.png,kapur,5,SHADE,15.883315107154381,0.009258267684913788,27.466309694721737,0.004460010149038667,0.9241341115743915,0.0005639815097357593,0.9820787106314428,1.845170633894985e-05,0.8149946200011375,0.03510549152921084
img10_gt.png,kapur,7,L-SHADE,19.61718388117289,0.0311273831458046,27.830724414726426,0.026794431329901273,0.9740670580280227,0.006195264866073288,0.9769291490139611,0.000143136302133904,0.7589364466674549,0.08182655887272428
img10_gt.png,kapur,7,SHADE,19.630233692274576,0.029348014906664267,27.829142170328673,0.028251691378066632,0.9734063444685066,0.006677146592665871,0.9769206948092184,0.0001508619942949633,0.6522411433320182,0.018721170367061692
img10_gt.png,kapur,9,L-SHADE,22.841506729125452,0.12861739142503115,31.64518081979529,1.0272701309293681,0.97233285623488,0.008663288724760578,0.9872308546116675,0.004505990366360113,0.7639553999964847,0.04541520834733824
img10_gt.png,kapur,9,SHADE,22.91002616301538,0.11968402617827821,31.65884865993559,1.028496109909407,0.9725785866393769,0.008497340848764873,0.9872698572847802,0.004498339602039178,0.6507776199975827,0.02155328367043997
img10_gt.png,kapur,11,L-SHADE,25.729292977825633,0.16583766287986337,32.09569810711006,0.08952447403381578,0.9820743610517957,0.005898860567210993,0.9864186552903149,0.0002833576153522649,0.9523002300004009,0.03023249436951427
img10_gt.png,kapur,11,SHADE,25.944447143970855,0.12385199863025709,32.093115875031664,0.08960085195029054,0.9818707471498841,0.005411074603045714,0.9864105802921839,0.0002826282312697123,0.8094562033327141,0.021306922402241028
img10_gt.png,kapur,12,L-SHADE,26.980222005124293,0.18967342053040234,32.07311441057354,0.29645800095396807,0.9830079564814364,0.005149915253509181,0.9850725252336098,0.001193967578913647,0.8188535333349136,0.048924168137284854
img10_gt.png,kapur,12,SHADE,27.237403764942425,0.11044379582821712,32.094266090788025,0.2879848465744734,0.9843430708859865,0.0037188483524708857,0.9851471553330463,0.0011532577691808553,0.7850457099984245,0.06284162693390455
img10_gt.png,otsu,3,L-SHADE,1057.9712079842866,0.0,31.421591520022993,0.0,0.9048724597076964,0.0,0.9956749403811463,0.0,0.7672254500018122,0.07143240368497764
img10_gt.png,otsu,3,SHADE,1057.9712079842866,0.0,31.421591520022993,0.0,0.9048724597076964,0.0,0.9956749403811463,0.0,0.8180220666671327,0.025455780030995433
img10_gt.png,otsu,5,L-SHADE,1087.0145000728928,0.0002582630887561835,35.619401850523914,6.290575777657036e-05,0.9535909270214405,7.924491329173399e-07,0.9972580482075016,3.971750701119514e-08,0.8022542533367717,0.06973826386660448
img10_gt.png,otsu,5,SHADE,1087.0142869384458,0.0009606861663057397,35.61934994089827,0.00023397609035698272,0.9535971537284652,3.3276159146179794e-05,0.9972580154301932,1.4774104829789004e-07,0.6586617399996613,0.02754115628136283
img10_gt.png,otsu,7,L-SHADE,1096.402726142169,0.028029331535556035,38.86672540719351,0.014402536140243763,0.9787635689007356,0.0004105619771848559,0.998182569527716,6.034765728798929e-06,0.8166737199954999,0.05989739052718108
img10_gt.png,otsu,7,SHADE,1096.4084828862135,0.033144376974339536,38.869697290329604,0.01698633174655083,0.9786997622088512,0.0002722929927872827,0.9981838089651112,7.136044254623452e-06,0.7356026566655297,0.07820264723873535
img10_gt.png,otsu,9,L-SHADE,1100.6725745880537,0.1453339671576217,41.93025194258824,0.1418163877380437,0.9857957733737449,0.0004835134617391,0.9988452686462103,4.023085596026741e-05,0.7528087100043195,0.03128692076096917
img10_gt.png,otsu,9,SHADE,1100.7422590867461,0.024384926097986898,42.00115124148779,0.025751378812312656,0.9858728920563685,0.0002571014491363421,0.9988645584728381,6.7501525531755005e-06,0.6900999566646836,0.07506528172459469
img10_gt.png,otsu,11,L-SHADE,1101.9896678318835,0.0951757382093201,43.57799089896811,0.1430467743631929,0.9878733714652383,0.001023915735144608,0.9990342756942995,3.220094180072131e-05,0.9433946733362972,0.03507801179315809
img10_gt.png,otsu,11,SHADE,1102.1068350973749,0.04299458943811509,43.758243391812,0.06797246004161779,0.9880863069280827,0.0007401912272531641,0.9990739170605557,1.4546420109530139e-05,0.815277303334248,0.03023944553201231
img10_gt.png,otsu,12,L-SHADE,1102.4804446050368,0.10894538721870524,44.399399920580684,0.19587486584699482,0.9893738467437988,0.000982292199958822,0.9991276227917576,4.0210523541009424e-05,0.8517174866681064,0.08342425836282412
img10_gt.png,otsu,12,SHADE,1102.6400587210808,0.04997207744908218,44.69978956160569,0.09772011223867354,0.9895121441120539,0.0006220839519387127,0.999186534576226,1.8444134698320743e-05,0.6560607066659334,0.02076980210047593
img10_gt.png,tsallis,3,L-SHADE,62.799279857429944,0.0,27.140402272052135,0.0,0.8890191612913493,0.0,0.9884092637576839,0.0,0.7625842400021308,0.07557452060233688
img10_gt.png,tsallis,3,SHADE,62.799279857429944,0.0,27.140402272052135,0.0,0.8890191612913493,0.0,0.9884092637576839,0.0,0.7915861966689893,0.1230635661363929
img10_gt.png,tsallis,5,L-SHADE,438.53248096901274,0.7369815928959464,27.466324020014056,0.00445614979893865,0.9241379837140793,0.0005648206288921617,0.9820787697608557,1.8435865740665475e-05,0.7580329066685711,0.056351468851861646
img10_gt.png,tsallis,5,SHADE,438.4330809278144,0.6650111378345178,27.467463856901848,0.0007315406158560418,0.9242489059536609,2.4154818350640975e-05,0.9820834815855423,3.01766257259498e-06,0.7277739866694901,0.07253531204939867
img10_gt.png,tsallis,7,L-SHADE,2262.6724027615824,50.781858319013786,27.743700409673842,0.01750208168089948,0.9539769653477663,0.003202183998056477,0.9764624419052093,9.490301028904853e-05,0.9216495166707318,0.04734989781435352
img10_gt.png,tsallis,7,SHADE,2281.920584827386,31.408598729696443,27.745762489998764,0.011334455109654926,0.9543540593782281,0.0020431882594941744,0.9764737223978509,6.145207847935562e-05,0.7775005199975566,0.09106213455014828
img10_gt.png,tsallis,9,L-SHADE,9119.642010312737,624.1222236067107,31.681559684358366,0.2661513507743539,0.9558832465753702,0.012559736160443424,0.9877558264485106,0.0007861371620034522,1.0004658933350583,0.06946492199343562
img10_gt.png,tsallis,9,SHADE,9733.102094495793,524.9498279550373,31.7075748420235,0.3200093559883921,0.9576535930382766,0.008282623900199662,0.9878164980361047,0.001041533388773175,0.8441567566672651,0.10139585980960998
img10_gt.png,tsallis,11,L-SHADE,28111.507575727403,3293.994755042563,31.667242320649997,0.6229435093814536,0.967898460874662,0.013475094540308933,0.9848523712224185,0.0024234855487965845,0.8405380833311937,0.029986914900998016
img10_gt.png,tsallis,11,SHADE,33450.512626286094,1668.6676708813227,31.942264333596672,0.08286821214045952,0.9690980140626249,0.006138237102433755,0.9859307104360931,0.0002658346423289471,0.7904260499984957,0.12229974004217593
img10_gt.png,tsallis,12,L-SHADE,44987.19735463696,6164.417855732316,31.986837513289444,0.3052606213484805,0.9751036783771502,0.010962430446617493,0.9847717886911921,0.001206886743439598,0.8711781399984223,0.0547020146474925
img10_gt.png,tsallis,12,SHADE,53083.72333278598,3675.710453555462,31.918317830482724,0.42589930917090313,0.9740092006083442,0.010619908316589063,0.9844908446441897,0.0017429574564872103,0.708236223331187,0.03218670696133331
img1_gt.png,kapur,3,L-SHADE,11.927834872628612,0.00027197885629423965,28.60206772393165,0.011352241106838756,0.9411334323133833,0.0009513993599347898,0.9906544732844498,2.4266194996965482e-05,0.87350471666529,0.06406392774810896
img1_gt.png,kapur,3,SHADE,11.927636247355602,0.0005646653657759876,28.610358228641587,0.02356880775332038,0.9418282361675595,0.0019752354094581606,0.9906721948076294,5.037994519371214e-05,0.8440746033311977,0.06968508207870493
img1_gt.png,kapur,5,L-SHADE,16.730994636804507,0.006641873332105422,30.926788754735245,0.009184139715478679,0.962758419574408,0.0004183534190553977,0.9908803128732144,1.9234838764575254e-05,0.8909152399981395,0.06031871115121155
img1_gt.png,kapur,5,SHADE,16.731454844898714,0.0052171884680051305,30.92904118442436,0.01159497892695741,0.9628859463986361,0.0006927946020558714,0.9908850298230435,2.425726830738643e-05,0.7364798833305637,0.08840818046798082
img1_gt.png,kapur,7,L-SHADE,20.95265001236212,0.028116038618621633,33.70870169149375,1.7157801260826309,0.9788357834331004,0.0025161023897338638,0.9927204158027073,0.0030274107027093737,0.729305936669698,0.02307652414248169
img1_gt.png,kapur,7,SHADE,20.961899532117172,0.019169129956372412,33.79686349831597,1.6829473110674007,0.9785511527161508,0.002228417857034281,0.9928785870315067,0.002982508889060188,0.6464789066657735,0.017898955006925798
img1_gt.png,kapur,9,L-SHADE,24.949658922862124,0.055558960439481775,36.6180285774203,1.243436530514346,0.9804618383135228,0.005272948257670914,0.9953973448463245,0.0012789323841773342,0.8255832399988624,0.07580793482028136
img1_gt.png,kapur,9,SHADE,24.996368395526467,0.03251182671460006,36.56439039251966,1.105329059433788,0.9818378602766751,0.003524652692189509,0.9953802565917349,0.0011112642043075778,0.7523839533358114,0.0732085383475681
img1_gt.png,kapur,11,L-SHADE,28.696839094709794,0.11792609614937648,39.06640424656226,0.44318194334296523,0.9852543934019334,0.0033126063951054775,0.9969047959080489,0.0003301696493742919,0.9185236066686533,0.021875793689015686
img1_gt.png,kapur,11,SHADE,28.865355866210347,0.08735480648647345,39.11485692232615,0.5775208316905723,0.9851494819724848,0.004861589767750697,0.9969257848835553,0.0004865356462512767,0.7237428499996895,0.08035165537914025
img1_gt.png,kapur,12,L-SHADE,30.400326077908282,0.12580530185521413,39.35428978442096,0.7355362296736083,0.9873830247258213,0.0029560248458637703,0.9968056306243919,0.0006820577894430425,0.9200305433342388,0.04731816938855673
img1_gt.png,kapur,12,SHADE,30.61777967806895,0.11406539600910433,39.34634141779437,0.6452732562002691,0.9859344842138245,0.004914619607004317,0.9968146380905545,0.0005223303529386147,0.7060742966656107,0.0630540414500663
img1_gt.png,otsu,3,L-SHADE,1284.0951508182043,0.0,30.88871363084944,0.0,0.9326491735803966,0.0,0.994480016688379,0.0,0.8083941433316795,0.07687828139156636
img1_gt.png,otsu,3,SHADE,1284.0951508182043,0.0,30.88871363084944,0.0,0.9326491735803966,0.0,0.994480016688379,0.0,0.8261349966691341,0.01881757161919633
img1_gt.png,otsu,5,L-SHADE,1318.2460339587471,0.0021102168811961454,35.37977413147969,0.0004863638601527066,0.9737532768853535,0.0002508706689485479,0.9967290005814202,3.663570973447316e-07,0.8579468600015389,0.04569365169175052
img1_gt.png,otsu,5,SHADE,1318.2442947388029,0.005039035090006765,35.37937337388965,0.001161076079249317,0.9738245891183279,0.00029373283303616126,0.9967286986335133,8.748324809213407e-07,0.683363806665875,0.0673508415230365
img1_gt.png,otsu,7,L-SHADE,1326.7003018288242,0.06452324248732388,37.96611316884466,0.026915243362114927,0.9854613057721693,0.0004475505583917804,0.9974754575879653,1.5682732548908418e-05,0.8169660099995478,0.07728478800669941
img1_gt.png,otsu,7,SHADE,1326.7123515409974,0.0633672354768159,37.971151340267674,0.026370932716475923,0.9853574305737456,0.00042768211606657007,0.997478386337452,1.5401758622821843e-05,0.6634652033292999,0.056424370872619214
img1_gt.png,otsu,9,L-SHADE,1330.3337993908779,0.06835550535953112,39.83592833502185,0.04398036741925992,0.9910818793824954,0.0011396901105069155,0.9978896277440976,2.1361095424686925e-05,0.7592233999981545,0.028385462825264073
img1_gt.png,otsu,9,SHADE,1330.3796091489692,0.07502837023251294,39.865533518307856,0.04820895862291001,0.9912566972917702,0.0008706815546270589,0.9979039432935011,2.34463656976453e-05,0.6924696866675125,0.07199734976928816
img1_gt.png,otsu,11,L-SHADE,1332.2178997757926,0.17298607453936227,41.25889920040015,0.15103180591943383,0.9926933671184872,0.0008085052986840054,0.9981402778064692,6.607107013664496e-05,0.8509101400016031,0.10694052820197283
img1_gt.png,otsu,11,SHADE,1332.4076599099762,0.06197610920223686,41.429333081593114,0.05736182665181929,0.9930597462523267,0.0007797899972951215,0.9982127556354975,2.367143059839971e-05,0.7519825900022018,0.08896581964977335
img1_gt.png,otsu,12,L-SHADE,1332.8562392687238,0.13000566547593537,41.8685960758644,0.13272620334571605,0.9935501133322743,0.0008903661688753251,0.9982371869412331,5.416902728162724e-05,0.8240631233347813,0.04584521337506082
img1_gt.png,otsu,12,SHADE,1333.0384011702286,0.09615096831019054,42.058946159248435,0.10288181349182106,0.9935858742519784,0.0009549826808219645,0.9983130877335267,4.0062903462717694e-05,0.7318829166664121,0.08667675756350439
img1_gt.png,tsallis,3,L-SHADE,75.30663182719414,0.0,28.40754840740912,0.0,0.9226383371528176,0.0,0.9902264061613294,0.0,0.7313417800003663,0.04341302192026272
img1_gt.png,tsallis,3,SHADE,75.30663182719414,0.0,28.40754840740912,0.0,0.9226383371528176,0.0,0.9902264061613294,0.0,0.7223221633360178,0.03943737485253089
img1_gt.png,tsallis,5,L-SHADE,617.323874036499,0.6070812955418327,30.61011670827461,0.02473450741639518,0.9472724240104508,0.0011020510093541684,0.9901903597755266,5.666145534261901e-05,1.0125525700006013,0.30729602718610755
img1_gt.png,tsallis,5,SHADE,616.8149317636472,1.1506135740030996,30.606872763518165,0.08139052986080884,0.94719063507519,0.0037091169311337007,0.9901814836687495,0.00018985095336784063,0.8874867466647023,0.07931402494898547
img1_gt.png,tsallis,7,L-SHADE,4434.963111099179,37.38263363023716,34.533433538507296,0.6299761116504912,0.9510054273746945,0.007244567388605128,0.9943786411824292,0.0008104878325750019,0.7753312500028794,0.05633350121464524
img1_gt.png,tsallis,7,SHADE,4456.507140805094,53.09363499573609,34.400377721978906,0.5706957660238633,0.9531060701178415,0.006348776698685702,0.99421462879979,0.000747233878873832,0.7131959500004693,0.03219217404818208
img1_gt.png,tsallis,9,L-SHADE,29243.320571381533,1005.2222074730688,36.2757969560986,0.38776138030134927,0.9624365978297128,0.005023407570321125,0.9951910148927685,0.00044134499729478574,1.2630705099989428,0.4565774052870059
img1_gt.png,tsallis,9,SHADE,30156.863728427565,549.6005922117828,36.43240753026485,0.39830323331977835,0.963848436665899,0.004816944994841376,0.9953609941603759,0.0004151799533107433,0.8937199433334172,0.05977651862661838
img1_gt.png,tsallis,11,L-SHADE,141926.9174468548,8398.800905457914,37.634786815567615,0.7345255472671589,0.9715605513340796,0.006896171402695994,0.9956595410014891,0.000723610141553848,1.0941516233287985,0.42701868055959225
img1_gt.png,tsallis,11,SHADE,152270.31145244447,6245.782205683847,37.50762783823031,0.5872329096021058,0.9712692306615415,0.005940963022985268,0.9955521645954268,0.0006014073142788882,0.7848677266689871,0.07693210961688458
img1_gt.png,tsallis,12,L-SHADE,281623.44528163585,23098.618941705317,37.518417144142056,0.9926709935679318,0.9698546349680438,0.010437067683023618,0.9950774898258594,0.0011636476250042615,0.9844652366659526,0.31335479536173655
img1_gt.png,tsallis,12,SHADE,322655.8365696498,10919.544450410665,38.13864325182535,0.7752576651902225,0.9750761951003908,0.006284795805081468,0.9957779140437993,0.0007280953178486677,0.7644634199998108,0.0988348936520824
img2.png,kapur,3,L-SHADE,13.55307199574865,0.0,20.156884735269077,0.0,0.7153618700683254,0.0,0.9263239626416421,0.0,1.1923315300033817,0.3590120933362661
img2.png,kapur,3,SHADE,13.55307199574865,0.0,20.156884735269077,0.0,0.7153618700683254,0.0,0.9263239626416421,0.0,0.8104808766656788,0.030898539826027943
img2.png,kapur,5,L-SHADE,18.44259402897113,0.007593166523908656,24.15021570792119,0.2115072709049434,0.808682067895937,0.012438898930414194,0.9509854537095208,0.0022821431999300785,0.9031548566640898,0.25442334712865367
img2.png,kapur,5,SHADE,18.441181107151174,0.00856185164475781,24.202556134484055,0.2276685815391477,0.8105402631855833,0.01319069951480925,0.9515637825291428,0.0024443827293789727,0.6689060433302074,0.03196403818637311
img2.png,kapur,7,L-SHADE,22.93640606336034,0.017433196199460245,25.282306814447733,0.4220473525092773,0.8677167228001416,0.005351757201635096,0.9469490760751778,0.004960519511442817,2.496713596666814,1.2514319273779178
img2.png,kapur,7,SHADE,22.916689933656816,0.06778634141058884,25.60315576488239,1.3856018466086815,0.8671116079718921,0.008964756364651626,0.9491223027011202,0.010543774493901138,1.03502020999537,0.22730040892413456
img2.png,kapur,9,L-SHADE,27.28176239797696,0.06966028702171313,31.239978551499483,0.528233391844981,0.86196806966709,0.013612449048273006,0.9826570083902515,0.0019985990044781307,3.131380210000983,1.147022517741952
img2.png,kapur,9,SHADE,27.340391218728143,0.05686656796337863,31.182974535819437,0.4936567833304384,0.859513874178849,0.01261277248119527,0.9824429824659332,0.00189420267557047,1.4337813100011165,0.26113372132053947
img2.png,kapur,11,L-SHADE,31.359820223142247,0.10988332316757761,33.27000631982739,0.4643691893382411,0.8997606275821437,0.011071037871006195,0.9867329835415425,0.0015029439830402393,2.763966089999303,1.299383930920869
img2.png,kapur,11,SHADE,31.503700287629012,0.04961462403467504,33.36979470445946,0.27996214573236655,0.9006562374488858,0.0062236256486934965,0.98708244270706,0.0008350315520131405,1.083694470001501,0.18066109817855056
img2.png,kapur,12,L-SHADE,33.174624347753166,0.11140296441998496,34.21273037342255,0.48627523145572044,0.9163401491121003,0.009473674809737999,0.9883458876912576,0.0013411308090291961,3.168537893334481,1.3298599783543328
img2.png,kapur,12,SHADE,33.3697796956179,0.05643137348507505,34.518645475762575,0.3139319347711143,0.9199498283309567,0.0066640302301939555,0.9891777979652171,0.0007922985832434579,1.1109450333344284,0.0899658440719468
img2.png,otsu,3,L-SHADE,2174.0966712433074,0.0,26.149792783986467,0.0,0.740601679371052,0.0,0.9814631705339324,0.0,0.7446481299994048,0.22276558016961134
img2.png,otsu,3,SHADE,2174.0966712433074,0.0,26.149792783986467,0.0,0.740601679371052,0.0,0.9814631705339324,0.0,0.7355413766674853,0.08787568512572996
img2.png,otsu,5,L-SHADE,2268.7399453547737,0.019012831127384926,30.12675554801767,0.001306610239571894,0.8614955441450544,0.0009098007158341065,0.9876351757792287,3.722458909846734e-06,0.8882093566673575,0.23897820711082263
img2.png,otsu,5,SHADE,2268.7365562639834,0.016220314446300968,30.126522445300285,0.001115059818159715,0.8610936519387343,0.0009587031284844823,0.9876345122404258,3.175721365485265e-06,0.668293423334641,0.035358064891598484
img2.png,otsu,7,L-SHADE,2296.9543351632155,0.10360900249023015,32.69756985382192,0.012857655112812175,0.9047996950894193,0.001249628138762527,0.990422848121584,2.839936633374139e-05,0.9285579866652066,0.31855167353631214
img2.png,otsu,7,SHADE,2296.987851896806,0.0986621013815193,32.70173617498717,0.012251076105730029,0.9046806267136255,0.00115170717220115,0.9904320351031461,2.7043414115167584e-05,0.6811518933332991,0.05093118646530837
img2.png,otsu,9,L-SHADE,2309.7976663069508,0.32670368039515046,34.687952917312465,0.06370248929516327,0.9316281814679344,0.0022012322208118953,0.9922127144983743,0.00011513560668641457,0.8939148366664692,0.2179296413714101
img2.png,otsu,9,SHADE,2310.029987031695,0.1341996338789872,34.73348026734741,0.026640734622048225,0.932242176914524,0.001584842321075386,0.9922945880406524,4.729409918191325e-05,0.730999610000678,0.06939015234275463
img2.png,otsu,11,L-SHADE,2315.749311162574,0.32390982195395324,36.0512096053619,0.08699537944988378,0.9462730841823712,0.0036202981738685798,0.9930457626202391,0.00013951789652665296,1.3222987333332032,0.47138142741837635
img2.png,otsu,11,SHADE,2316.205645776499,0.179123802089866,36.17515858473168,0.049529522452106116,0.9484600023225862,0.0028427734438971355,0.9932423199369114,7.71541163361796e-05,0.8202838533305719,0.04025886173410485
img2.png,otsu,12,L-SHADE,2317.998114273353,0.3820072143433618,36.70335722016368,0.11897583950521176,0.9524519363876365,0.002314975295341002,0.9934702448407399,0.00017950060976306426,1.122732706666769,0.3706034833320497
img2.png,otsu,12,SHADE,2318.559761868828,0.22439144075682393,36.88154448034378,0.07293754814049946,0.9531637158869629,0.0024348009977875006,0.9937341563117121,0.00010543884756358666,0.7786719099958039,0.09238009319029698
img2.png,tsallis,3,L-SHADE,147.8941564068309,0.004860283905232986,21.010308341798176,0.005523361753801538,0.7261615646841422,0.001132372062700167,0.9394681095299094,7.673476392333965e-05,3.097821039999447,1.172178105692474
img2.png,tsallis,3,SHADE,147.89238168207703,0.008122788570770416,21.012325188348722,0.00923096275871717,0.7265750484989618,0.0018924859181281499,0.9394961291040065,0.00012824359143012314,1.3894740933358358,0.31583208004763874
img2.png,tsallis,5,L-SHADE,1450.4765134237807,0.843956015047115,24.524274921595307,0.06214758225275027,0.8342607130460039,0.0016988822186276742,0.9550759534743858,0.0006405420968462511,2.794605080000474,1.1567549980439136
img2.png,tsallis,5,SHADE,1450.5318971108816,0.6860556177294974,24.513205156548704,0.06893354378677025,0.8343446202553274,0.0016479867920124137,0.954960284343653,0.0007106899248366744,1.7413161499998144,1.0314679949755368
img2.png,tsallis,7,L-SHADE,12605.870908388244,75.73793403825266,25.06855832813511,0.17902572023572258,0.8685044616443771,0.004052841303511472,0.9444745072676891,0.0022896684411867997,3.1278964266656355,1.3511874581549908
img2.png,tsallis,7,SHADE,12624.224497662022,85.03776719925858,25.04271623080871,0.1913021990173086,0.8687225097283799,0.0031173562475785184,0.9441377363146867,0.0023848784493395603,1.2667164166651976,0.2681563827009657
img2.png,tsallis,9,L-SHADE,81013.54616171456,1799.3632681707136,26.46849071063828,0.19077875788800971,0.9032400200220764,0.005785559087832555,0.9482757900299533,0.0022884265795567963,2.8156971599984293,1.2739320230731113
img2.png,tsallis,9,SHADE,82447.13615017409,1475.8191253494435,26.495428618851648,0.24191064888575448,0.9041541518428001,0.004520538829190196,0.9485654144149803,0.0029390240441606423,1.6298022866656539,0.9895435343848841
img2.png,tsallis,11,L-SHADE,376746.9911364576,20515.797034613624,26.94028799230093,0.37799624244485736,0.9219146758206074,0.005135646892273625,0.9431362757524647,0.004894921772130632,2.9473949133302084,1.3295154257200994
img2.png,tsallis,11,SHADE,400594.60457054427,11567.351631261083,27.000118463200938,0.2348586742987741,0.9222132321847798,0.005578525957871727,0.9440394478964413,0.0029818425474203913,1.516466983333036,0.950730505289116
img2.png,tsallis,12,L-SHADE,726438.3419593592,42937.40636097992,27.449680032251067,0.6000346576861088,0.9288425494858525,0.005518054540211858,0.9445591859534448,0.006948539171369535,2.953309633333508,1.2895618486919016
img2.png,tsallis,12,SHADE,793348.2946932545,34877.75347456471,27.443224621616046,0.4483725071100737,0.9312545630891635,0.003734893533684648,0.9446756417701473,0.005442039285826562,1.47891199333341,1.0117786739093488
img2_gt.png,kapur,3,L-SHADE,11.426718207907236,0.0,26.533539884612143,0.0,0.937816108716275,0.0,0.9866710093926596,0.0,0.6645795699975375,0.021579771980999717
img2_gt.png,kapur,3,SHADE,11.426718207907236,0.0,26.533539884612143,0.0,0.937816108716275,0.0,0.9866710093926596,0.0,1.5291680233320222,1.2041027121901453
img2_gt.png,kapur,5,L-SHADE,16.408142168458053,0.0017302937441431177,28.432133649939825,0.0024563879193773225,0.9569139930248396,3.2543621247271315e-05,0.9856521541449053,8.12684553277628e-06,0.8336132900013278,0.024776194246848314
img2_gt.png,kapur,5,SHADE,16.4065092920988,0.004284556404124562,28.43196629857218,0.004824012585505483,0.9568441967063547,0.0007399346445065847,0.9856515949141554,1.594692480676283e-05,1.2790055099962045,1.0089549008974363
img2_gt.png,kapur,7,L-SHADE,20.748597753216654,0.019018650362919675,28.518572326716555,0.03925294089341796,0.9610070684988785,0.005140774405512435,0.9803080871104787,0.00017728730918741743,0.7346614533365937,0.05968980506347469
img2_gt.png,kapur,7,SHADE,20.75854537486162,0.012862056363043143,28.511775616568528,0.03424819059544311,0.9601384087239725,0.004703371832765942,0.9802774316436494,0.00015450007361247748,0.9628048833382006,0.521112866887443
img2_gt.png,kapur,9,L-SHADE,24.393777500785113,0.09348138699161788,28.672844231152503,0.03187927782905792,0.9812115185196458,0.002801806654613576,0.9755657258264857,0.00018056006533881795,0.8093246166671937,0.1033360435968223
img2_gt.png,kapur,9,SHADE,24.462976709157623,0.07001678180846237,28.66735486402518,0.025395250403114796,0.9813026459660918,0.003041129010669123,0.9755350565124872,0.00014368142501135006,0.7905821499996819,0.15473251758119935
img2_gt.png,kapur,11,L-SHADE,27.357235355697757,0.11874698387428817,28.70085121219609,0.029991236736089496,0.9838368393281267,0.002614945517127028,0.9703279478004379,0.00020534859639299998,0.950971590000942,0.5138324472181742
img2_gt.png,kapur,11,SHADE,27.521126100818687,0.0706761710935539,28.718951372031828,0.013235914270899441,0.9844720941290017,0.001032350384416438,0.9704519044685352,9.013173370011254e-05,0.7034742399972553,0.10376712968004215
img2_gt.png,kapur,12,L-SHADE,28.716657564895108,0.14410014587969394,29.41269061137797,2.393000669231049,0.9847697118616421,0.0019518634141665546,0.9700488745134788,0.007564979444034479,1.3543383433299216,0.999486363720229
img2_gt.png,kapur,12,SHADE,28.90284504238314,0.12220648170311549,30.339664925356036,3.4800552069316057,0.9850514714434565,0.001976114513402082,0.9729890192069418,0.01082340848875076,0.7022393299965188,0.08850902709235359
img2_gt.png,otsu,3,L-SHADE,1329.5905753171828,0.0,32.35988719298084,0.0,0.9170974125822927,0.0,0.9965153229823419,0.0,2.2868563033329945,1.0750935738174783
img2_gt.png,otsu,3,SHADE,1329.5905753171828,0.0,32.35988719298084,0.0,0.9170974125822927,0.0,0.9965153229823419,0.0,2.0731761433349067,1.1306246674715428
img2_gt.png,otsu,5,L-SHADE,1351.5543621203362,0.0012089144477598723,36.143847847310454,0.00033223697955872013,0.9581468570532522,1.984521637900619e-05,0.9975699499614425,1.8591533218859948e-07,2.1325603399988418,1.240021162416601
img2_gt.png,otsu,5,SHADE,1351.5545934208624,0.0008866125589216576,36.14391141402225,0.00024366117366082807,0.9581436432196072,1.4408372435896984e-05,0.9975699855324577,1.3634948997981034e-07,2.0960454933335617,1.2319149515215722
img2_gt.png,otsu,7,L-SHADE,1360.3022846905358,0.02534747301032984,39.64679759418245,0.015571900443844865,0.9844910544348014,0.0008486845095140542,0.9984813734828567,5.4573567413872365e-06,1.9191070800006855,1.2532008919633502
img2_gt.png,otsu,7,SHADE,1360.3170643170888,0.016055666773745383,39.65589107397333,0.009887999222911392,0.9849640511218276,0.00024462881691001646,0.9984845555631602,3.4568140687307763e-06,2.3503183633331597,1.0740541687542786
img2_gt.png,otsu,9,L-SHADE,1363.9161190803563,0.06538377770669253,42.7664140776596,0.08142975107160602,0.9888007800583536,0.0009281447293863534,0.9990478495735096,1.809931562795591e-05,1.932076743337287,1.3271371229815365
img2_gt.png,otsu,9,SHADE,1363.9449401864558,0.036960273140102966,42.802457588779504,0.04683913040483514,0.9888996117612767,0.0004095939012755167,0.9990558277343677,1.023121747836104e-05,2.2558160899963697,1.1236967838935865
img2_gt.png,otsu,11,L-SHADE,1365.17684900282,0.05833525356287371,44.74988722306387,0.11505558920029445,0.9912739161926072,0.0013198845253290083,0.9992628051233966,1.9736648648640333e-05,2.1505273766641038,1.3173833717278252
img2_gt.png,otsu,11,SHADE,1365.263910983088,0.036552570744160434,44.926134034795275,0.07571535964423368,0.9913552333936669,0.0008737834266195659,0.9992922609260245,1.2366882835428966e-05,1.9848727899972194,1.2249042564764676
img2_gt.png,otsu,12,L-SHADE,1365.5363613395855,0.0688120321983048,45.534413589893134,0.15984323914147677,0.9937313621547058,0.0009201762697878737,0.9993284793886159,2.539775121516301e-05,1.7868653866666135,1.306594703534236
img2_gt.png,otsu,12,SHADE,1365.6340428440813,0.029196434558403005,45.77177972927512,0.0733618520863338,0.9941281090332832,0.0007910184163937625,0.999364532539064,1.0776077345602154e-05,2.4877119466643003,1.0155386284469758
img2_gt.png,tsallis,3,L-SHADE,62.80400248661114,0.003709348639694291,26.46816690586724,0.00015443317081559685,0.927996497888865,1.3324047284254176e-05,0.986468854623413,4.811177324755121e-07,1.0273511933298627,0.8257284054197296
img2_gt.png,tsallis,3,SHADE,62.80467971791901,0.0,26.46813871035681,0.0,0.9279940652617801,0.0,0.9864687667837349,0.0,0.7251915199992557,0.07655348384720652
img2_gt.png,tsallis,5,L-SHADE,503.25023059258035,0.2115671544505047,28.324226241768553,0.0016645126763598923,0.9477134360570616,0.00012720575505459852,0.9852911944495683,5.6368479141213035e-06,1.701646433334099,1.1673414455123192
img2_gt.png,tsallis,5,SHADE,503.2934932852266,0.24849553288193038,28.323540134850198,0.0012211742253526886,0.9476601234181948,9.74428797785252e-05,0.9852888710224421,4.135550293857901e-06,0.7627219266675335,0.10628279918055776
img2_gt.png,tsallis,7,L-SHADE,3905.2156826210653,65.53906128856542,28.463324750882503,0.03020714331057931,0.9542595369352205,0.003401075768799506,0.9800563015033236,0.0001383992974913297,1.509112796666644,1.149596624543348
img2_gt.png,tsallis,7,SHADE,3938.286945071428,27.428772793264297,28.461195333555242,0.014672520036894197,0.9535849962360126,0.001729558352604295,0.9800468760645058,6.749036685308646e-05,0.7418431733346854,0.12261904065059161
img2_gt.png,tsallis,9,L-SHADE,19549.390567453887,544.5685135958879,28.576504055768996,0.03442697079385791,0.9662817059010044,0.004328764290488384,0.9750175348201645,0.00019805918633282747,2.232352209999226,1.378335024461545
img2_gt.png,tsallis,9,SHADE,20241.24970713105,465.6788805408619,28.574598702950787,0.019527712178271355,0.9657901670940129,0.0024341479784259373,0.9750070871904355,0.0001121968474514915,0.8672567433318666,0.02864117766192612
img2_gt.png,tsallis,11,L-SHADE,69617.09787943511,4221.811503805355,28.60532535281241,0.06976174108301367,0.9692948860324242,0.00792388336013274,0.9696649746550298,0.0004880343903636306,1.770878906667349,1.3844763615134974
img2_gt.png,tsallis,11,SHADE,75816.73307565853,2660.2765859323117,28.617666252117168,0.04615547384191642,0.9692476878959666,0.006237738832833748,0.969753184991427,0.0003191359253766481,0.7227883799971703,0.08461859720381054
img2_gt.png,tsallis,12,L-SHADE,118722.77014301243,10315.327717349179,28.986557061277427,0.8029555293638987,0.9787351057090579,0.007231823667297463,0.969249321999186,0.004668308656736504,2.5412443400050204,1.3707938494150684
img2_gt.png,tsallis,12,SHADE,131499.85639100624,7512.5043597317635,28.89765321342356,0.718965076303795,0.9752320570759189,0.008474670660371532,0.9687074876995819,0.00418609329311542,0.9285027533352452,0.09220858873278381
img3.png,kapur,3,L-SHADE,15.215588149789049,0.0,21.457817372053583,0.0,0.731633340585543,0.0,0.9571086700130894,0.0,0.8614812833315227,0.07533967007412323
img3.png,kapur,3,SHADE,15.215588149789049,0.0,21.457817372053583,0.0,0.731633340585543,0.0,0.9571086700130894,0.0,2.5592279666646696,1.035101977905485
img3.png,kapur,5,L-SHADE,20.525751639346247,0.0004211743420467091,23.006604182472934,0.06599360863452686,0.8224356447358044,0.0001957622590865533,0.9499518248978365,0.0007651305727850788,0.848942953334578,0.09012236022984862
img3.png,kapur,5,SHADE,20.525594918678134,0.0007197124521042177,23.037760987680244,0.04098054507859213,0.8223766369243996,0.00023634340003497566,0.9503130139672994,0.00047121804817505257,2.5842264833287723,0.8908006737308675
img3.png,kapur,7,L-SHADE,25.108032147183692,0.006587095395869335,24.090205712620037,0.12746832135366476,0.8675505297203523,0.0020978134124084416,0.9453879995150162,0.001600318344210281,0.769721060001757,0.08115453286266486
img3.png,kapur,7,SHADE,25.10916123909748,0.005252612714785686,24.114390948172186,0.11773507467529014,0.8671233340186634,0.0018286778388041242,0.9456946090634089,0.0014685839301649473,2.5458435366657794,0.9279706475614158
img3.png,kapur,9,L-SHADE,29.159186426651292,0.02400946232938386,25.284579387757436,0.3410716570196175,0.8901423476078254,0.004473115232074322,0.9465278246516593,0.0042961027428725365,0.8588308299988664,0.09687180608269229
img3.png,kapur,9,SHADE,29.178539540700775,0.014112201634904188,25.222061276759327,0.2409722947156002,0.8912159197005644,0.003725596564930088,0.945835770026969,0.0030073716469863118,2.3114455699988565,1.1007807366732976
img3.png,kapur,11,L-SHADE,32.754490515405635,0.04402598504378729,26.678437179453706,1.246774755096628,0.9037598435437125,0.00554618901595134,0.9513215443566037,0.009316578869456898,0.9144110133337866,0.10469838536874998
img3.png,kapur,11,SHADE,32.82749224202891,0.039595218367310774,27.0478156039302,2.160607800237651,0.9073061959159089,0.0063691342111488825,0.9526118024761739,0.014923510853142294,2.170105090001016,1.1714997574613806
img3.png,kapur,12,L-SHADE,34.52998607277162,0.1418968555946044,30.580113679935266,2.988702047741342,0.9212271776579791,0.010714845264553297,0.9732946126125245,0.019264242836533742,0.8656843366664059,0.08259675691117978
img3.png,kapur,12,SHADE,34.59821097264599,0.14536437198776936,31.38313658895968,2.682786253789181,0.9226540438833888,0.011367166753088945,0.9782507544585574,0.016971668360012716,1.9355713700002526,1.0928895937888639
img3.png,otsu,3,L-SHADE,5119.636154849772,0.0,23.50478048665758,0.0,0.675811411363743,0.0,0.9732284693972834,0.0,1.6353057699966789,1.1513766674731838
img3.png,otsu,3,SHADE,5119.636154849772,0.0,23.50478048665758,0.0,0.675811411363743,0.0,0.9732284693972834,0.0,0.7088234433341616,0.0849105947087171
img3.png,otsu,5,L-SHADE,5293.73336645711,0.03079709183558561,27.484754576331365,0.001152321652574537,0.8232438620882155,0.00023805124778151146,0.9821546710804147,4.736192516014449e-06,1.8127886733292446,1.2422115419086914
img3.png,otsu,5,SHADE,5293.717303154005,0.05588305798920396,27.484153762887495,0.0020896482035405173,0.8232184776718514,0.0002801457115924855,0.98215220075314,8.594088118268176e-06,0.8087999466670832,0.03325782349890331
img3.png,otsu,7,L-SHADE,5344.641775972354,0.26569933056715767,29.992971537080464,0.017681836733444353,0.8872055295432161,0.0011794794865415648,0.9859772120725715,5.720554598909911e-05,2.211808403333998,1.2640469805526908
img3.png,otsu,7,SHADE,5344.742979307618,0.233489436418355,29.99971713470266,0.015532594704159304,0.8875302987170223,0.0011742749357219482,0.9859990013335282,5.027069757564172e-05,0.8141546366658683,0.020995252950894352
img3.png,otsu,9,L-SHADE,5367.519959422678,0.5785973184642985,31.872654001125635,0.05914952159320999,0.9198801748885628,0.002656902331571961,0.9883037623988831,0.00016016534767173782,2.7229964599973755,1.1494486417341472
img3.png,otsu,9,SHADE,5367.947458751729,0.545545363232558,31.91677856177976,0.05591479804824324,0.9209505345627742,0.002313740958946207,0.9884221013134993,0.00015101601750391904,0.7662173800034604,0.09881050598434188
img3.png,otsu,11,L-SHADE,5380.023762359506,0.6523535982195641,33.397105998777356,0.09492830122260026,0.9375044636338564,0.002195686811477246,0.989935027777954,0.00022071171335370337,2.0240057733336774,1.3073032910822342
img3.png,otsu,11,SHADE,5380.890268582366,0.37758732616214585,33.52483719559276,0.056773958025017,0.9389610231498561,0.0017221604615181617,0.9902281940509705,0.000127749652834601,1.412599730003664,1.1393692921617748
img3.png,otsu,12,L-SHADE,5384.077705705209,0.6585216120836953,34.03370608219794,0.11100939272251807,0.9456190944732794,0.0023741034350382093,0.9905162954365847,0.00024305295947719713,0.9934669700004937,0.16675420904858324
img3.png,otsu,12,SHADE,5385.208362447377,0.41969893945516834,34.22837637402425,0.07384110028578628,0.9472591637834995,0.001733814244737433,0.990933608190326,0.00015490618295921956,2.570747000001332,1.0035144612435682
img3.png,tsallis,3,L-SHADE,249.4419804582813,0.0,21.457817372053583,0.0,0.731633340585543,0.0,0.9571086700130894,0.0,0.8291259466660752,0.10581363433391529
img3.png,tsallis,3,SHADE,249.4419804582813,0.0,21.457817372053583,0.0,0.731633340585543,0.0,0.9571086700130894,0.0,1.825080289998247,1.1687305848534286
img3.png,tsallis,5,L-SHADE,3086.811414177273,0.44588274606331646,23.19690087535515,0.03342013042009764,0.8255948876868174,0.0037528485197737067,0.9521014536959972,0.0003681606101014806,0.8193524333357345,0.10127869756464904
img3.png,tsallis,5,SHADE,3086.7881647474187,0.4975087447363492,23.196075382844995,0.042183033936813295,0.8248801013998516,0.00374741557668648,0.9520915283778068,0.00046714724317253425,1.730774470002507,1.18824327646581
img3.png,tsallis,7,L-SHADE,29514.1480952269,55.81918260719944,24.583397615073682,0.195646224201148,0.8658610528818425,0.0023027747790860744,0.9512230173195886,0.0022025806573206432,0.9570134166647525,0.04146136037280055
img3.png,tsallis,7,SHADE,29517.16765260297,65.36543926656982,24.58427700068107,0.1679314406475624,0.8656539256267847,0.002079406496575072,0.9512454610865043,0.0018931732366597833,1.7839333033344398,1.1673676171210807
img3.png,tsallis,9,L-SHADE,215765.4266344194,2737.8137085725434,25.62021610771183,0.47013210224186225,0.889874895879959,0.00371255633934645,0.9503773774050316,0.005279265200149018,0.9186144866679873,0.0815045313540321
img3.png,tsallis,9,SHADE,218615.57595541887,1480.092230983877,25.793182583881073,0.25801783619690455,0.8899904904074281,0.003671278732518914,0.952499794572591,0.002825452807198852,1.5814068400010002,1.1088308557951665
img3.png,tsallis,11,L-SHADE,1213905.5672749938,48341.279551449305,27.111242706915125,0.7927270044900261,0.9053364797193085,0.0037436029142549725,0.956504827720839,0.008218957228348046,0.9814404966668614,0.0751926231873887
img3.png,tsallis,11,SHADE,1260645.8787677279,28985.496572306252,26.91238221239278,0.5657511751547377,0.9056988064140735,0.003684745616337326,0.9548502745786239,0.005675193333333479,1.2892840233330694,1.0073281620270125
img3.png,tsallis,12,L-SHADE,2627673.1759434417,119940.55642422682,27.8220281708895,1.1792930523838412,0.9150745750466479,0.0065995912619117416,0.9590120443789807,0.010444100080329005,0.9546271366659008,0.0965933917395326
img3.png,tsallis,12,SHADE,2799977.149436377,97962.7390348738,27.51434156382404,0.7992440808844216,0.9141600579400918,0.0036437294931728785,0.9567264263783969,0.008703454535134155,1.207699989997976,0.9263894770535614
img3_gt.png,kapur,3,L-SHADE,11.874237122307743,0.0,25.820845313141074,0.0,0.8974779144319532,0.0,0.9842939592805233,0.0,0.6577569066634169,0.02822896564277065
img3_gt.png,kapur,3,SHADE,11.874237122307743,0.0,25.820845313141074,0.0,0.8974779144319532,0.0,0.9842939592805233,0.0,0.7123207000035715,0.06902754557130047
img3_gt.png,kapur,5,L-SHADE,16.79086456086395,0.0038010049266472344,26.95537091820882,0.33823980910237794,0.9112195133642178,0.0017580003905416346,0.9797787595576568,0.0017087236696153969,0.7252071633314093,0.08437188096224645
img3_gt.png,kapur,5,SHADE,16.78932907129497,0.006207686945364729,26.95553372990882,0.34016952855990173,0.9117998566350065,0.0023627102156000284,0.9797787798426975,0.0017193229585231395,0.7971188266683991,0.08815812082402091
img3_gt.png,kapur,7,L-SHADE,20.96432523854894,0.02385475539816823,27.274075272282833,0.06705580282018832,0.928059810313833,0.009590882953447127,0.9737716969666862,0.000400708272335538,0.8462795233363674,0.09039530309261717
img3_gt.png,kapur,7,SHADE,20.96957750366397,0.0195612448358536,27.28788559281448,0.035310760821979766,0.9291797047616911,0.004190012357163592,0.9738571243887015,0.0002126433964223652,0.7755047500007398,0.07742158382440409
img3_gt.png,kapur,9,L-SHADE,24.510383964533,0.08358101397261906,33.35894960569416,3.950354076169722,0.9449805211120701,0.01790415542480522,0.9870566162810127,0.012844630091177886,0.8563063366639351,0.11830242283697841
img3_gt.png,kapur,9,SHADE,24.5472169850401,0.05483706225291908,32.37389424612893,4.068024841764929,0.9401676782053249,0.01952933897804724,0.9841949033297606,0.013550619161182442,0.7699727066647029,0.07940814687992404
img3_gt.png,kapur,11,L-SHADE,28.22365965571914,0.06811548004695275,38.07817839772651,1.4611932199744628,0.9583248778782866,0.021036083213847603,0.9963859637145394,0.0011838311065040447,0.8794070200005081,0.11878880017588092
img3_gt.png,kapur,11,SHADE,28.318882054217056,0.047463653049613655,38.18843779906267,1.4831639702357242,0.9598718222675303,0.021194442329412113,0.9964674653528908,0.0012085797764257123,0.8172228033314847,0.04057527019208936
img3_gt.png,kapur,12,L-SHADE,29.917260911136914,0.11856541093730458,38.943357035111994,1.399216153256923,0.9675810595285796,0.01888184763384215,0.9967669768338656,0.001189611451345363,0.8947166500021315,0.0920943987530089
img3_gt.png,kapur,12,SHADE,30.111087135560638,0.06071111798149193,39.16039459617682,1.3646668997924356,0.9697627714250048,0.01750776190177993,0.9969331629301212,0.0010903556235127003,0.7767665866675089,0.06341544765393738
img3_gt.png,otsu,3,L-SHADE,1561.5124378550536,0.0,31.05558902206983,0.0,0.887617956377659,0.0,0.9952946455047195,0.0,0.6933759633315882,0.057569927697763076
img3_gt.png,otsu,3,SHADE,1561.5124378550536,0.0,31.05558902206983,0.0,0.887617956377659,0.0,0.9952946455047195,0.0,0.9428170500012736,0.6573472909472904
img3_gt.png,otsu,5,L-SHADE,1592.929037609265,0.014529851045711977,35.213192599216164,0.00322166022781701,0.9695903688135393,0.0012818284459146102,0.996989207291289,2.234502275281915e-06,0.7566374033349954,0.08735262615799419
img3_gt.png,otsu,5,SHADE,1592.926409618951,0.023372197183603293,35.21261149730041,0.005176808425025885,0.9698664641205065,0.0016884283509410519,0.9969888031405296,3.5943402048244466e-06,0.7319642700012385,0.15545232126660322
img3_gt.png,otsu,7,L-SHADE,1603.0590238241728,0.08151435175266471,38.37770160805518,0.037405456886560176,0.9787338199678711,0.0016410906980753167,0.9979658945447328,1.7550187228743393e-05,0.8822387833342267,0.03714430935247275
img3_gt.png,otsu,7,SHADE,1603.1059905118373,0.05477199697681026,38.39925997148824,0.025135565071572618,0.9783122951654292,0.001315155465553402,0.9979760065574558,1.1792509922253094e-05,0.7677918566643105,0.09126918491811191
img3_gt.png,otsu,9,L-SHADE,1606.9018501739217,0.12923528271920745,40.64624908756523,0.09897202734952848,0.987586144724903,0.0011528791087581495,0.998448479716613,3.5774472724969304e-05,0.7955247333341201,0.07779330754533147
img3_gt.png,otsu,9,SHADE,1607.0200806457299,0.059771542344198736,40.73798859396502,0.046997833121506814,0.9880760111533102,0.0005928509543547957,0.9984812078748989,1.6545755666278197e-05,0.8100183999990501,0.07902378800562018
img3_gt.png,otsu,11,L-SHADE,1608.4608235862318,0.11461190573475806,42.06233639538366,0.12264574713576287,0.9896296971426898,0.0010126214275325003,0.9986311471057073,3.8776807784311645e-05,0.8376021900010528,0.09404215377577971
img3_gt.png,otsu,11,SHADE,1608.6570294775008,0.06808539723017834,42.27719966572296,0.07632811826781606,0.9900295252558396,0.0006874475299261656,0.9986975297217463,2.303542851315829e-05,0.725990550001734,0.07703631774106565
img3_gt.png,otsu,12,L-SHADE,1609.0569838637864,0.1284122882827653,42.75579053924077,0.15891544019825735,0.9911220207908202,0.0011111458165260965,0.9987267420221004,4.739553892741978e-05,0.8087986833357718,0.033365841460579485
img3_gt.png,otsu,12,SHADE,1609.2656266478275,0.06831928934958385,43.02481268758929,0.09066677511037552,0.9912949830470935,0.0007771444065899365,0.9988037497393937,2.5215885342439845e-05,0.7098405099988061,0.05704626380453302
img3_gt.png,tsallis,3,L-SHADE,82.2820212303167,0.0,25.51935462445173,0.0,0.8702024099901374,0.0,0.9831648966077327,0.0,0.7190445333379709,0.04782790524735934
img3_gt.png,tsallis,3,SHADE,82.2820212303167,0.0,25.51935462445173,0.0,0.8702024099901374,0.0,0.9831648966077327,0.0,0.7875982366686609,0.06373762814994359
img3_gt.png,tsallis,5,L-SHADE,697.405251592547,0.6370978415958384,27.063691064985612,0.004281524295484579,0.9084448463619593,5.018232851051383e-05,0.9803378457992057,1.9416369945796448e-05,0.8058096033356075,0.08922089003793182
img3_gt.png,tsallis,5,SHADE,697.2788063098889,0.9525284265878524,27.063323026847875,0.008397980909699445,0.9084115451392142,0.0001027456263362747,0.9803361530731884,3.821169396891494e-05,0.7029285466676811,0.029512681533656035
img3_gt.png,tsallis,7,L-SHADE,5025.075555504938,31.16979181211535,27.23325624009744,0.04590679458671598,0.9215375408651724,0.004549066924084903,0.973525615058229,0.00028009525347887706,0.7941034900014832,0.07904852366578619
img3_gt.png,tsallis,7,SHADE,5045.845099265254,25.56891066584672,27.23665964546466,0.04489567784453852,0.922270941551288,0.004288855147798021,0.9735464167631577,0.00027354635243824466,0.699594363332532,0.034418490105879045
img3_gt.png,tsallis,9,L-SHADE,26714.18593400975,651.2282060607063,27.269120830448784,0.06946748100636625,0.9243156214655227,0.008546468869952238,0.9662390906013677,0.0005401506755839816,0.83037861000048,0.05473686227065619
img3_gt.png,tsallis,9,SHADE,27257.39630885541,594.3372624208629,27.27773175680468,0.05313940729623224,0.9265866385593607,0.007320141374593951,0.9663077020947013,0.00040983610715441437,0.8471478099973562,0.05815660419767718
img3_gt.png,tsallis,11,L-SHADE,97325.48200469527,6751.07108780851,27.630142247180334,0.6664020702855769,0.9511873732105698,0.014668670369835678,0.9616687835353515,0.004532447922385583,0.9017538933335648,0.09290066456274575
img3_gt.png,tsallis,11,SHADE,102004.0092029139,5910.003657203249,27.440626868130398,0.09381364427100758,0.9473455859231853,0.012501405860703578,0.9603303572944798,0.0008615319947603446,0.7013988700016246,0.023515021999631194
img3_gt.png,tsallis,12,L-SHADE,154566.09141009164,10759.595862938777,28.36798499617707,1.2449816067452357,0.9519021586216179,0.018802724297636828,0.9637451368778668,0.009225511920436063,0.9138095633340223,0.08109181679397526
img3_gt.png,tsallis,12,SHADE,178778.83645266935,11588.012884921136,28.236551982824516,1.2008815337042196,0.9548467355947945,0.013126319103688784,0.9627662872155437,0.00873049523989155,0.8766187400004128,0.043122898147164176
img4.png,kapur,3,L-SHADE,14.245428149134462,0.0,19.26988168892344,0.0,0.8058729880818437,0.0,0.9290155729156875,0.0,0.7246953633332548,0.08855003348221407
img4.png,kapur,3,SHADE,14.245428149134462,0.0,19.26988168892344,0.0,0.8058729880818437,0.0,0.9290155729156875,0.0,0.719026713334218,0.07128211281971213
img4.png,kapur,5,L-SHADE,19.082891249046327,0.0021745749388471245,20.92905009405787,0.0964914895930797,0.8423826158903683,0.002105181472614716,0.9192395464844013,0.001797975886332364,0.7560265766650749,0.07401066649383324
img4.png,kapur,5,SHADE,19.08295073347159,0.0022099215926151645,20.952528580643406,0.09867330846104319,0.8424138928605841,0.0021012185468091012,0.9196740275802572,0.0018374612307108542,0.815682660000554,0.042273671187594966
img4.png,kapur,7,L-SHADE,23.588992345798058,0.03056216189654099,29.17022430194758,0.16233257540282742,0.9024693648798867,0.003919269025295489,0.983040965376211,0.0006414041775701295,0.8151972633320839,0.11638112913993515
img4.png,kapur,7,SHADE,23.55381482685887,0.07269799160331808,28.509032379215803,2.1083758310448935,0.9002696708113012,0.00947940884516019,0.9766088504823472,0.019960140418981403,0.7372069133358309,0.08496858710532218
img4.png,kapur,9,L-SHADE,28.0107313674687,0.038592052172758,31.13617490892302,0.25746832855897833,0.9216700996962258,0.003608970765254553,0.9861197957177471,0.0008284304086985318,0.8846027566653599,0.11684080133330822
img4.png,kapur,9,SHADE,28.028993116008213,0.03573150855309821,31.194573116360555,0.24507352166403762,0.9217799668182977,0.0037135617663734866,0.9863074437794722,0.0007748248613392538,0.7025829533338158,0.08136710647380369
img4.png,kapur,11,L-SHADE,31.866821327009067,0.07941205402430374,32.71020998774215,0.26546527391496716,0.9376875609845133,0.002999077482158927,0.9881911288880952,0.0007540566854231447,0.9079088566650171,0.08506176751945517
img4.png,kapur,11,SHADE,31.987773579918173,0.05194587045959579,32.86277272975912,0.1842745479955905,0.9388819294030523,0.0019234321571546939,0.9886099522628123,0.0004877620059030237,0.7795576466654893,0.07289725217135526
img4.png,kapur,12,L-SHADE,33.59830925493917,0.12075435373502842,33.204594480976006,0.4015688699562683,0.9427992172900836,0.003527169109147265,0.9884763766236303,0.0011048673274053932,0.879670773333055,0.08753768367930649
img4.png,kapur,12,SHADE,33.77668466610074,0.0521366434262112,33.23104059783277,0.3663954276619503,0.9425708255913926,0.0034304018680096074,0.9885552435905063,0.0009712235443111931,0.8079981566678422,0.04800447890686438
img4.png,otsu,3,L-SHADE,3549.6628486620716,0.0,24.478111670950238,0.0,0.802660178114439,0.0,0.978603630793345,0.0,0.7371181733333894,0.08671531576111637
img4.png,otsu,3,SHADE,3549.6628486620716,0.0,24.478111670950238,0.0,0.802660178114439,0.0,0.978603630793345,0.0,0.8442610066704219,0.06673183483654055
img4.png,otsu,5,L-SHADE,3675.742576665015,0.04345222484904791,27.885806767226352,0.0017833315091995805,0.8837078936735832,0.0007137322258303644,0.9837288084161196,6.682387520038334e-06,0.7167998733348213,0.05091743851357852
img4.png,otsu,5,SHADE,3675.7145086908636,0.07921278917176823,27.884655626540983,0.0032487072710355868,0.8838134359612607,0.0007422904494521022,0.9837244919264385,1.2181897604267112e-05,0.6760937933324992,0.07123626760749789
img4.png,otsu,7,L-SHADE,3721.9831841276214,0.1559712532035598,30.381065762368035,0.011352859378401059,0.9149191163105772,0.0018300544724871176,0.9871760181259199,3.358089265432018e-05,0.8556756666648047,0.06602649106183948
img4.png,otsu,7,SHADE,3722.059767094925,0.13616513833780872,30.386649924719872,0.009930738247140223,0.9148217786416685,0.001765439790859522,0.9871925065771656,2.931660033419537e-05,0.7338406266625195,0.09113387670566972
img4.png,otsu,9,L-SHADE,3743.739306609079,0.4897273076049379,32.35546942603816,0.056322235871539277,0.9301229933043607,0.0013845677089975486,0.9895344793549847,0.00013556465262422746,0.8163920899998629,0.08103641173104648
img4.png,otsu,9,SHADE,3744.0589955346245,0.353392307864635,32.39218124776537,0.040689040041312914,0.9305599556198643,0.0010856243907918788,0.9896229745592878,9.78248603085845e-05,0.8186150533341182,0.02865197441110511
img4.png,otsu,11,L-SHADE,3755.3758835850076,0.5591570174807751,33.95370242418959,0.09258144716284576,0.9446394017160983,0.001160103124343423,0.9911458276079637,0.00018918038269244455,0.8971806233360743,0.0773457604018679
img4.png,otsu,11,SHADE,3756.0153196351675,0.21130257532424915,34.0603235157182,0.03594340207719745,0.9449992208739992,0.0010409108396287753,0.9913621689090559,7.149029845655375e-05,0.8129396700009238,0.09084701604366191
img4.png,otsu,12,L-SHADE,3758.953285058126,0.45046683654054354,34.5919542239728,0.08662495824231925,0.9484865878752186,0.0016162980862530752,0.9916612817047951,0.0001662622695422193,0.853927863331046,0.08671112846043386
img4.png,otsu,12,SHADE,3759.909988687427,0.43149775508919,34.77984470274749,0.0849161396444788,0.9505271067980517,0.001759834976872572,0.9920143903107654,0.00015926099380457926,0.7584016466658795,0.0803792835120148
img4.png,tsallis,3,L-SHADE,185.8923990366673,0.0,19.560152770222427,0.0,0.8077301880309925,0.0,0.9336049085588919,0.0,0.8458291666669538,0.0679840334124164
img4.png,tsallis,3,SHADE,185.8923990366673,0.0,19.560152770222427,0.0,0.8077301880309925,0.0,0.9336049085588919,0.0,0.7634203966677887,0.06746303483845088
img4.png,tsallis,5,L-SHADE,1862.6350961039388,1.5004849629886894,21.50741334393387,0.12177627080458087,0.8465463973027132,0.0043260053885323425,0.929299379270576,0.001974040890426242,0.919796503331357,0.08103084316303054
img4.png,tsallis,5,SHADE,1862.7229100027043,1.3902586224214963,21.52775440716484,0.13820362907819528,0.846756858443777,0.004191302736736975,0.9296220801384959,0.002228662969484155,0.7046695266714474,0.02647399641675489
img4.png,tsallis,7,L-SHADE,15504.42895283962,63.999907688682555,23.48449598537488,0.309356151788197,0.8792598188518742,0.0020180928903372705,0.9370856462135273,0.004523799823177594,0.8733436199981952,0.075450393415989
img4.png,tsallis,7,SHADE,15514.307858011462,53.63278537489835,23.456047116227914,0.26220059488434094,0.879083742735019,0.0018924413417063008,0.9367178075618416,0.0037711809695062156,0.8169975633354625,0.06762154150678432
img4.png,tsallis,9,L-SHADE,98918.89016932614,1157.2917008541233,26.808966223065298,1.1042983856769903,0.9121927616927784,0.006900136965271239,0.9613283333137029,0.009315313750738404,0.9020683699985966,0.08088400182918151
img4.png,tsallis,9,SHADE,100346.94257703134,704.7586851394738,27.044373364454835,0.8312115667332448,0.9138069031688921,0.005377397842515908,0.9638160698130516,0.006931192335495585,0.8381441166634128,0.05836456344483771
img4.png,tsallis,11,L-SHADE,550173.6431554484,20760.518210861774,30.105819284423088,0.4061130630028193,0.9388503950089191,0.0023515875807440653,0.9784361886443508,0.0021008598724507398,0.9413984666675485,0.08846999359030432
img4.png,tsallis,11,SHADE,575584.5047971337,19441.279622194164,30.40207636323245,0.2835492364350585,0.9402499904367727,0.00230535130247156,0.9799016762758879,0.0014258478236759229,0.7406764133348285,0.04978595964134206
img4.png,tsallis,12,L-SHADE,1188440.2615841504,72051.01108455185,30.51815511148162,0.2686708892646578,0.9440679962868994,0.0023743320003026753,0.9786591472054353,0.0013528006848213718,1.0275048399994071,0.05984045442066514
img4.png,tsallis,12,SHADE,1289123.3098669662,38075.10811744618,30.680887361656946,0.17510889983647826,0.9452349063833416,0.0019819971492011784,0.9794660531646251,0.0008603911461427661,0.8781773233310862,0.10877041829595542
img4_gt.png,kapur,3,L-SHADE,10.349275331532997,0.0,26.00573408612288,0.0,0.9132125542145374,0.0,0.9849485672755336,0.0,0.8065438966683965,0.10051012998106088
img4_gt.png,kapur,3,SHADE,10.349275331532997,0.0,26.00573408612288,0.0,0.9132125542145374,0.0,0.9849485672755336,0.0,0.8053306833355843,0.08535265589525166
img4_gt.png,kapur,5,L-SHADE,14.628230353891258,0.005711355753615984,26.54191635508885,0.007527371205100593,0.9472397651680666,0.0023830732860674734,0.9778277893309749,3.854878179203825e-05,0.7586517600022489,0.10049533105271122
img4_gt.png,kapur,5,SHADE,14.628514300093734,0.004772128191208489,26.54134226587776,0.007500785082532969,0.9471137817268013,0.002209203481496757,0.9778248584909306,3.833337806837439e-05,0.7808283966655533,0.09497799889066008
img4_gt.png,kapur,7,L-SHADE,18.147494481632794,0.05659514425250812,26.787308521216953,0.07535306686687139,0.9733223479232797,0.006181298354197097,0.9706599894511124,0.0005077310812247546,0.7631611833319767,0.12594998141551736
img4_gt.png,kapur,7,SHADE,18.155376801254587,0.048571859571981894,26.799167700083956,0.13586135718859366,0.9743061801695422,0.0023392402252925652,0.9707308480569985,0.0008726437433164677,0.6656242499981696,0.02799839034127209
img4_gt.png,kapur,9,L-SHADE,21.251805612602077,0.06556631982664181,27.045104189044572,0.3192446720604019,0.9779322649113702,0.002358335960435895,0.9643673430259728,0.0024534355557083907,0.8129610433311124,0.09004711486027217
img4_gt.png,kapur,9,SHADE,21.358242561514622,0.04951306280360302,26.991812883512623,0.25745317896697795,0.9780833946190451,0.002691453107973603,0.9639593999286322,0.001977924157709173,0.7004311800012754,0.06548156101024374
img4_gt.png,kapur,11,L-SHADE,24.008018345171326,0.09626523789418144,29.632011057964,3.817754913309566,0.9818412826814799,0.0033527324577407747,0.969624764412597,0.01336340434914737,0.7620568366633961,0.07633953954616515
img4_gt.png,kapur,11,SHADE,24.17670861713559,0.06869578817709703,28.646962973424376,2.571324442779303,0.9815662457174722,0.003883003791168829,0.9665988045745124,0.010098907797659418,0.6608759466646006,0.026517551691958834
img4_gt.png,kapur,12,L-SHADE,25.337132813143956,0.14738888317829815,29.955564801846084,4.0962322716932364,0.9834586205383442,0.0037453920286739727,0.9682199937098769,0.014824283463248801,0.8377926899983625,0.12181765750324186
img4_gt.png,kapur,12,SHADE,25.526588722897493,0.09905398803040454,31.42773070666538,4.854617383238444,0.9835767398990874,0.004595666931798403,0.9732887976895767,0.01748833220870643,0.8259336466677875,0.042001428137480354
img4_gt.png,otsu,3,L-SHADE,1362.2015493683211,0.0,31.51160717031981,0.0,0.8969550558876309,0.0,0.9957636626831892,0.0,0.691708410003533,0.04419947346743756
img4_gt.png,otsu,3,SHADE,1362.2015493683211,0.0,31.51160717031981,0.0,0.8969550558876309,0.0,0.9957636626831892,0.0,0.806737223334494,0.11373855311879844
img4_gt.png,otsu,5,L-SHADE,1389.6334084104235,0.0017994166650645309,35.463914008243265,0.0004228307641883144,0.9784622756505167,5.513618127820184e-05,0.9971581012489292,2.7672689962255957e-07,0.770721266666078,0.09017390225496427
img4_gt.png,otsu,5,SHADE,1389.632627893522,0.0032332119127102474,35.46373062336692,0.0007596291044373243,0.9784671868441603,9.200920641261303e-05,0.9971579812155728,4.972259765111516e-07,0.7130327599996236,0.06683430246621817
img4_gt.png,otsu,7,L-SHADE,1398.8283937656745,0.015701039540127446,38.453242515211905,0.007339099374787861,0.9805538385905751,0.0002675213341115801,0.9980010387108006,3.3804621848948066e-06,0.7347073600006601,0.04458195277368936
img4_gt.png,otsu,7,SHADE,1398.815040706954,0.0962805790437378,38.447212597562654,0.04385834589661813,0.9805982258455589,0.0002552858857941602,0.9979981637731292,2.072938264672451e-05,0.6799366766683913,0.03842316743807215
img4_gt.png,otsu,9,L-SHADE,1402.9502392522447,0.10626985644960454,41.00298941259,0.08897814327944133,0.9873100665955779,0.0012111527408567235,0.9985709022042867,2.9417261301171923e-05,0.8494961566640995,0.12199079378591067
img4_gt.png,otsu,9,SHADE,1403.039874282086,0.04487766787948253,41.07833459572641,0.038220432863676615,0.9880475533814469,0.00044841928784104395,0.9985957146692946,1.242288384273376e-05,0.7709871666651452,0.08782300691984517
img4_gt.png,otsu,11,L-SHADE,1404.8857871433925,0.14712991351277555,43.0469807277567,0.19446467410809434,0.9909127516074719,0.0009572748753555382,0.9989081815654116,4.977867123851425e-05,0.8626005766690166,0.14329719034677613
img4_gt.png,otsu,11,SHADE,1405.0943498869206,0.058848817245659095,43.33367989634291,0.08448277661262066,0.9915862643387457,0.0003072306494490147,0.9989787448927117,1.991040337421247e-05,0.7577783899992937,0.09154672416757098
img4_gt.png,otsu,12,L-SHADE,1405.3663483431803,0.12724116505234545,43.74735593212948,0.196337902692683,0.9924359204516621,0.0012912208419497324,0.9989862951064067,4.6963290446099996e-05,0.767308193333641,0.07674960340336302
img4_gt.png,otsu,12,SHADE,1405.5930263460918,0.04967111423120155,44.117901806774036,0.08503902582102592,0.9934440546072482,0.0008143276016526988,0.9990699594212075,1.833305254223114e-05,0.7025487300018237,0.05794255455660991
img4_gt.png,tsallis,3,L-SHADE,45.26549833281368,0.0,26.110891074112907,0.0,0.9065334302121832,0.0,0.9853086351941788,0.0,0.6652556100006526,0.12269918107615825
img4_gt.png,tsallis,3,SHADE,45.26549833281368,0.0,26.110891074112907,0.0,0.9065334302121832,0.0,0.9853086351941788,0.0,0.8211127166626587,0.08678398866062718
img4_gt.png,tsallis,5,L-SHADE,264.66606227373154,0.28880517240637177,26.490658749501257,0.008004343336898583,0.9317799674969502,4.7587423697480804e-05,0.9775645473641871,4.1156192986973126e-05,0.6227529200007363,0.07893696168092147
img4_gt.png,tsallis,5,SHADE,264.49809278015323,0.41457852312103727,26.495767705461283,0.019931133003677062,0.9315024658163172,0.0009905419933451955,0.9775907335258043,0.00010250954182700093,0.7177309733301324,0.09760288158115692
img4_gt.png,tsallis,7,L-SHADE,1185.8825155265188,24.456458023842263,26.823649458450895,0.3083273381414294,0.9356584440025579,0.007201645018884817,0.9708394407962466,0.0019960630328875817,0.6296743066651591,0.04770221124716386
img4_gt.png,tsallis,7,SHADE,1200.083356383152,14.016000813541346,26.73287927135612,0.264160209734158,0.9333432501470658,0.005586516162476545,0.9702429815251131,0.0017151088894443265,0.764450353331631,0.11485089020567793
img4_gt.png,tsallis,9,L-SHADE,4543.111212903188,185.23299686444062,27.587813966024402,0.07634303327818029,0.9536820841420242,0.010045380292883377,0.9686269677783402,0.0005582197274020005,0.672823333334721,0.06506310840544766
img4_gt.png,tsallis,9,SHADE,4666.20104956774,119.00360885633405,27.583289527367818,0.07656321640327371,0.9528993569741913,0.010232774147198524,0.9685942591422302,0.0005568967221935136,0.6538773933338234,0.06669247770553864
img4_gt.png,tsallis,11,L-SHADE,12620.598967669592,904.2084746026092,27.662692272297097,0.0815225703628164,0.9625737937788463,0.011573241304355539,0.9623098428420139,0.0007152276350856453,0.7142153100013577,0.06777254344299077
img4_gt.png,tsallis,11,SHADE,14194.020675247515,847.5117141151335,27.655302083157064,0.06124819351490517,0.9607437449857658,0.008875631828755991,0.9622484893182348,0.0005345891393295712,0.670913719998013,0.10542840668807364
img4_gt.png,tsallis,12,L-SHADE,17912.568348487566,2432.9007565584284,27.99875048474621,1.0380480068403837,0.9632171724342583,0.012703387492828433,0.9611008954594701,0.006675236416879116,0.7631077500021396,0.11833365354021752
img4_gt.png,tsallis,12,SHADE,21104.762085359976,1870.5815895315984,27.866316879145895,0.6150988211773453,0.9625029923938728,0.009649806274979987,0.9604348494088893,0.004674808332609546,0.7068778633334053,0.15235333060016953
