K,algorithm,mean,std
3,L-SHADE,0.9390730128885479,0.6493010752675404
3,SHADE,0.9523463764450086,0.6247781311780933
5,L-SHADE,0.9796825832223921,0.650983244069986
5,SHADE,0.9310205626664618,0.6393771565581261
7,L-SHADE,1.042782004444614,0.7803329238837494
7,SHADE,0.9142212259995156,0.5854187227352118
9,L-SHADE,1.1316134929996526,0.8491316919950276
9,SHADE,0.9409363453327225,0.5890002606078698
11,L-SHADE,1.1480694646666396,0.797022687842145
11,SHADE,0.9213461328886074,0.5833817409035701
12,L-SHADE,1.1376907094445778,0.8097645739970977
12,SHADE,0.9737499165554052,0.6408089395506434
