metric,image,objective,K,reference,other,mean_diff,p_value,outcome
fitness,img1.png,kapur,3,L-SHADE,SHADE,0.0,1.0,tie
fitness,img1.png,kapur,5,L-SHADE,SHADE,0.00023216587017671486,0.12252148237343748,tie
fitness,img1.png,kapur,7,L-SHADE,SHADE,-0.0016186948128478207,0.28936620615422726,tie
fitness,img1.png,kapur,9,L-SHADE,SHADE,-0.01965738056182076,0.03272089920938015,loss
fitness,img1.png,kapur,11,L-SHADE,SHADE,-0.054469797762763505,3.453157842159271e-05,loss
fitness,img1.png,kapur,12,L-SHADE,SHADE,-0.11690943122108877,3.1478703022003174e-07,loss
fitness,img1.png,otsu,3,L-SHADE,SHADE,0.0,1.0,tie
fitness,img1.png,otsu,5,L-SHADE,SHADE,0.0010543322678131517,0.9034483826227635,tie
fitness,img1.png,otsu,7,L-SHADE,SHADE,-0.0021315964113455266,0.8235769439488649,tie
fitness,img1.png,otsu,9,L-SHADE,SHADE,-0.31833844734410377,0.00011058151721954346,loss
fitness,img1.png,otsu,11,L-SHADE,SHADE,-0.7427815726796325,1.218356192111969e-05,loss
fitness,img1.png,otsu,12,L-SHADE,SHADE,-1.0287995436247002,2.551823854446411e-07,loss
fitness,img1.png,tsallis,3,L-SHADE,SHADE,0.0,1.0,tie
fitness,img1.png,tsallis,5,L-SHADE,SHADE,0.04389553133614754,0.9913719938255039,tie
fitness,img1.png,tsallis,7,L-SHADE,SHADE,-44.464917840337876,0.049710121005773544,loss
fitness,img1.png,tsallis,9,L-SHADE,SHADE,-983.386578622798,0.07324407435953617,tie
fitness,img1.png,tsallis,11,L-SHADE,SHADE,-52804.0566616836,4.7124922275543213e-07,loss
fitness,img1.png,tsallis,12,L-SHADE,SHADE,-242370.8810811215,1.862645149230957e-09,loss
fitness,img10.png,kapur,3,L-SHADE,SHADE,0.0,1.0,tie
fitness,img10.png,kapur,5,L-SHADE,SHADE,0.0003117046173422011,0.1862810442101982,tie
fitness,img10.png,kapur,7,L-SHADE,SHADE,-0.004374039329384516,0.06056523136794567,tie
fitness,img10.png,kapur,9,L-SHADE,SHADE,-0.02574926663629995,0.016431212425231934,loss
fitness,img10.png,kapur,11,L-SHADE,SHADE,-0.07933464163993875,3.2391399145126343e-06,loss
fitness,img10.png,kapur,12,L-SHADE,SHADE,-0.16868088351996846,3.5390257835388184e-08,loss
fitness,img10.png,otsu,3,L-SHADE,SHADE,0.0,1.0,tie
fitness,img10.png,otsu,5,L-SHADE,SHADE,0.008673116499267053,0.06987287900126159,tie
fitness,img10.png,otsu,7,L-SHADE,SHADE,-0.011160810940054944,0.9032264724373817,tie
fitness,img10.png,otsu,9,L-SHADE,SHADE,-0.3236779009257589,7.056817412376404e-05,loss
fitness,img10.png,otsu,11,L-SHADE,SHADE,-0.8066179595471112,4.6566128730773926e-08,loss
fitness,img10.png,otsu,12,L-SHADE,SHADE,-0.8787997012423148,1.0244548320770264e-07,loss
fitness,img10.png,tsallis,3,L-SHADE,SHADE,0.0,1.0,tie
fitness,img10.png,tsallis,5,L-SHADE,SHADE,0.17946180983653903,0.21548304105981886,tie
fitness,img10.png,tsallis,7,L-SHADE,SHADE,-21.13723882553313,0.18396909348666668,tie
fitness,img10.png,tsallis,9,L-SHADE,SHADE,-2751.210823029687,0.0002562887966632843,loss
fitness,img10.png,tsallis,11,L-SHADE,SHADE,-51462.175392520614,4.4075772166252136e-05,loss
fitness,img10.png,tsallis,12,L-SHADE,SHADE,-187162.06563497242,3.904104232788086e-05,loss
fitness,img10_gt.png,kapur,3,L-SHADE,SHADE,6.551843199531504e-05,0.17971249487899976,tie
fitness,img10_gt.png,kapur,5,L-SHADE,SHADE,0.0033472566066983234,0.1250468801311004,tie
fitness,img10_gt.png,kapur,7,L-SHADE,SHADE,-0.01304981110168768,0.0635564886033535,tie
fitness,img10_gt.png,kapur,9,L-SHADE,SHADE,-0.0685194338899322,0.10039735585451126,tie
fitness,img10_gt.png,kapur,11,L-SHADE,SHADE,-0.2151541661452221,2.60770320892334e-08,loss
fitness,img10_gt.png,kapur,12,L-SHADE,SHADE,-0.25718175981812763,9.98377799987793e-07,loss
fitness,img10_gt.png,otsu,3,L-SHADE,SHADE,0.0,1.0,tie
fitness,img10_gt.png,otsu,5,L-SHADE,SHADE,0.00021313444699444517,0.25683925795785656,tie
fitness,img10_gt.png,otsu,7,L-SHADE,SHADE,-0.0057567440444472595,0.2622734842783425,tie
fitness,img10_gt.png,otsu,9,L-SHADE,SHADE,-0.06968449869236792,0.0001528710126876831,loss
fitness,img10_gt.png,otsu,11,L-SHADE,SHADE,-0.11716726549138912,6.910413503646851e-07,loss
fitness,img10_gt.png,otsu,12,L-SHADE,SHADE,-0.15961411604394016,4.6566128730773926e-08,loss
fitness,img10_gt.png,tsallis,3,L-SHADE,SHADE,0.0,1.0,tie
fitness,img10_gt.png,tsallis,5,L-SHADE,SHADE,0.09940004119846435,0.46884668399021534,tie
fitness,img10_gt.png,tsallis,7,L-SHADE,SHADE,-19.24818206580403,0.061427334379329415,tie
fitness,img10_gt.png,tsallis,9,L-SHADE,SHADE,-613.4600841830597,0.00013739429414272308,loss
fitness,img10_gt.png,tsallis,11,L-SHADE,SHADE,-5339.005050558691,1.991167664527893e-06,loss
fitness,img10_gt.png,tsallis,12,L-SHADE,SHADE,-8096.525978149017,6.917864084243774e-06,loss
fitness,img1_gt.png,kapur,3,L-SHADE,SHADE,0.00019862527301306443,0.10247043485974941,tie
fitness,img1_gt.png,kapur,5,L-SHADE,SHADE,-0.00046020809420355135,0.8307724187273999,tie
fitness,img1_gt.png,kapur,7,L-SHADE,SHADE,-0.009249519755048397,0.28008678182959557,tie
fitness,img1_gt.png,kapur,9,L-SHADE,SHADE,-0.04670947266433956,0.0007978975772857666,loss
fitness,img1_gt.png,kapur,11,L-SHADE,SHADE,-0.16851677150055266,1.30385160446167e-07,loss
fitness,img1_gt.png,kapur,12,L-SHADE,SHADE,-0.21745360016067394,5.718320608139038e-07,loss
fitness,img1_gt.png,otsu,3,L-SHADE,SHADE,0.0,1.0,tie
fitness,img1_gt.png,otsu,5,L-SHADE,SHADE,0.0017392199442838319,0.19298376420899377,tie
fitness,img1_gt.png,otsu,7,L-SHADE,SHADE,-0.012049712173165972,0.2710056286305189,tie
fitness,img1_gt.png,otsu,9,L-SHADE,SHADE,-0.04580975809130905,0.019660815596580505,loss
fitness,img1_gt.png,otsu,11,L-SHADE,SHADE,-0.18976013418364346,4.421919584274292e-06,loss
fitness,img1_gt.png,otsu,12,L-SHADE,SHADE,-0.18216190150474176,8.326023817062378e-07,loss
fitness,img1_gt.png,tsallis,3,L-SHADE,SHADE,0.0,1.0,tie
fitness,img1_gt.png,tsallis,5,L-SHADE,SHADE,0.5089422728517548,0.04392441829744224,win
fitness,img1_gt.png,tsallis,7,L-SHADE,SHADE,-21.544029705916728,0.07324407435953617,tie
fitness,img1_gt.png,tsallis,9,L-SHADE,SHADE,-913.5431570460314,4.968419671058655e-05,loss
fitness,img1_gt.png,tsallis,11,L-SHADE,SHADE,-10343.394005589653,1.8244609236717224e-05,loss
fitness,img1_gt.png,tsallis,12,L-SHADE,SHADE,-41032.391288013954,2.60770320892334e-08,loss
fitness,img2.png,kapur,3,L-SHADE,SHADE,0.0,1.0,tie
fitness,img2.png,kapur,5,L-SHADE,SHADE,0.0014129218199556703,0.4299407918716467,tie
fitness,img2.png,kapur,7,L-SHADE,SHADE,0.019716129703525098,0.4898460879921913,tie
fitness,img2.png,kapur,9,L-SHADE,SHADE,-0.05862882075117426,0.00466480478644371,loss
fitness,img2.png,kapur,11,L-SHADE,SHADE,-0.14388006448676194,2.0489096641540527e-07,loss
fitness,img2.png,kapur,12,L-SHADE,SHADE,-0.1951553478647341,5.587935447692871e-09,loss
fitness,img2.png,otsu,3,L-SHADE,SHADE,0.0,1.0,tie
fitness,img2.png,otsu,5,L-SHADE,SHADE,0.003389090790733462,0.22421264809403474,tie
fitness,img2.png,otsu,7,L-SHADE,SHADE,-0.03351673359065899,0.10943205840885639,tie
fitness,img2.png,otsu,9,L-SHADE,SHADE,-0.23232072474411325,0.004031794145703316,loss
fitness,img2.png,otsu,11,L-SHADE,SHADE,-0.4563346139252644,6.910413503646851e-07,loss
fitness,img2.png,otsu,12,L-SHADE,SHADE,-0.5616475954748239,1.0244548320770264e-07,loss
fitness,img2.png,tsallis,3,L-SHADE,SHADE,0.0017747247538295596,0.31731050786291415,tie
fitness,img2.png,tsallis,5,L-SHADE,SHADE,-0.05538368710108443,0.8789611882959216,tie
fitness,img2.png,tsallis,7,L-SHADE,SHADE,-18.353589273783655,0.31839608028531075,tie
fitness,img2.png,tsallis,9,L-SHADE,SHADE,-1433.5899884594983,0.0005054883658885956,loss
fitness,img2.png,tsallis,11,L-SHADE,SHADE,-23847.61343408667,6.917864084243774e-06,loss
fitness,img2.png,tsallis,12,L-SHADE,SHADE,-66909.95273389539,1.6838312149047852e-06,loss
fitness,img2_gt.png,kapur,3,L-SHADE,SHADE,0.0,1.0,tie
fitness,img2_gt.png,kapur,5,L-SHADE,SHADE,0.0016328763592490247,0.021406515510005972,win
fitness,img2_gt.png,kapur,7,L-SHADE,SHADE,-0.009947621644968763,0.0426517054438591,loss
fitness,img2_gt.png,kapur,9,L-SHADE,SHADE,-0.06919920837250615,0.0011314544826745987,loss
fitness,img2_gt.png,kapur,11,L-SHADE,SHADE,-0.1638907451209235,1.6391277313232422e-07,loss
fitness,img2_gt.png,kapur,12,L-SHADE,SHADE,-0.18618747748803344,5.973502993583679e-06,loss
fitness,img2_gt.png,otsu,3,L-SHADE,SHADE,0.0,1.0,tie
fitness,img2_gt.png,otsu,5,L-SHADE,SHADE,-0.00023130052613851149,0.45296640275106703,tie
fitness,img2_gt.png,otsu,7,L-SHADE,SHADE,-0.014779626553035996,0.0007726592908711714,loss
fitness,img2_gt.png,otsu,9,L-SHADE,SHADE,-0.028821106099485405,0.10039735585451126,tie
fitness,img2_gt.png,otsu,11,L-SHADE,SHADE,-0.08706198026789025,8.009374141693115e-08,loss
fitness,img2_gt.png,otsu,12,L-SHADE,SHADE,-0.09768150449576751,1.862645149230957e-09,loss
fitness,img2_gt.png,tsallis,3,L-SHADE,SHADE,-0.0006772313078755587,0.31731050786291415,tie
fitness,img2_gt.png,tsallis,5,L-SHADE,SHADE,-0.04326269264623761,0.2450655645922708,tie
fitness,img2_gt.png,tsallis,7,L-SHADE,SHADE,-33.07126245036261,0.04048972204327583,loss
fitness,img2_gt.png,tsallis,9,L-SHADE,SHADE,-691.8591396771626,0.00012333691120147705,loss
fitness,img2_gt.png,tsallis,11,L-SHADE,SHADE,-6199.635196223433,1.30385160446167e-07,loss
fitness,img2_gt.png,tsallis,12,L-SHADE,SHADE,-12777.086247993808,2.551823854446411e-07,loss
fitness,img3.png,kapur,3,L-SHADE,SHADE,0.0,1.0,tie
fitness,img3.png,kapur,5,L-SHADE,SHADE,0.0001567206681087896,0.4932445243673099,tie
fitness,img3.png,kapur,7,L-SHADE,SHADE,-0.0011290919137927347,0.5698575973510742,tie
fitness,img3.png,kapur,9,L-SHADE,SHADE,-0.01935311404948692,0.00023163668811321259,loss
fitness,img3.png,kapur,11,L-SHADE,SHADE,-0.07300172662327498,3.2391399145126343e-06,loss
fitness,img3.png,kapur,12,L-SHADE,SHADE,-0.06822489987436597,0.03098480962216854,loss
fitness,img3.png,otsu,3,L-SHADE,SHADE,0.0,1.0,tie
fitness,img3.png,otsu,5,L-SHADE,SHADE,0.0160633031046018,0.1784350509139333,tie
fitness,img3.png,otsu,7,L-SHADE,SHADE,-0.10120333526356262,0.140283040702343,tie
fitness,img3.png,otsu,9,L-SHADE,SHADE,-0.4274993290509883,0.0037444327026605606,loss
fitness,img3.png,otsu,11,L-SHADE,SHADE,-0.8665062228583338,1.4193356037139893e-06,loss
fitness,img3.png,otsu,12,L-SHADE,SHADE,-1.130656742168867,9.313225746154785e-09,loss
fitness,img3.png,tsallis,3,L-SHADE,SHADE,0.0,1.0,tie
fitness,img3.png,tsallis,5,L-SHADE,SHADE,0.023249429854331538,0.8372418797172178,tie
fitness,img3.png,tsallis,7,L-SHADE,SHADE,-3.0195573760647676,0.6120056137442589,tie
fitness,img3.png,tsallis,9,L-SHADE,SHADE,-2850.1493209995097,1.0609626770019531e-05,loss
fitness,img3.png,tsallis,11,L-SHADE,SHADE,-46740.31149273412,7.994472980499268e-06,loss
fitness,img3.png,tsallis,12,L-SHADE,SHADE,-172303.97349293623,2.0798295736312866e-05,loss
fitness,img3_gt.png,kapur,3,L-SHADE,SHADE,0.0,1.0,tie
fitness,img3_gt.png,kapur,5,L-SHADE,SHADE,0.0015354895689867476,0.5085837541608338,tie
fitness,img3_gt.png,kapur,7,L-SHADE,SHADE,-0.005252265115025523,0.4399667661637068,tie
fitness,img3_gt.png,kapur,9,L-SHADE,SHADE,-0.03683302050710324,0.03272089920938015,loss
fitness,img3_gt.png,kapur,11,L-SHADE,SHADE,-0.09522239849791703,1.3966113328933716e-05,loss
fitness,img3_gt.png,kapur,12,L-SHADE,SHADE,-0.1938262244237272,6.146728992462158e-08,loss
fitness,img3_gt.png,otsu,3,L-SHADE,SHADE,0.0,1.0,tie
fitness,img3_gt.png,otsu,5,L-SHADE,SHADE,0.0026279903138402005,0.9757333140741626,tie
fitness,img3_gt.png,otsu,7,L-SHADE,SHADE,-0.046966687664507845,0.011303061619400978,loss
fitness,img3_gt.png,otsu,9,L-SHADE,SHADE,-0.11823047180814683,8.856505155563354e-05,loss
fitness,img3_gt.png,otsu,11,L-SHADE,SHADE,-0.19620589126907362,8.009374141693115e-08,loss
fitness,img3_gt.png,otsu,12,L-SHADE,SHADE,-0.20864278404110337,1.862645149230957e-09,loss
fitness,img3_gt.png,tsallis,3,L-SHADE,SHADE,0.0,1.0,tie
fitness,img3_gt.png,tsallis,5,L-SHADE,SHADE,0.12644528265798272,0.3056469920650897,tie
fitness,img3_gt.png,tsallis,7,L-SHADE,SHADE,-20.769543760315173,0.006639536470174789,loss
fitness,img3_gt.png,tsallis,9,L-SHADE,SHADE,-543.2103748456539,0.00577649287879467,loss
fitness,img3_gt.png,tsallis,11,L-SHADE,SHADE,-4678.527198218624,0.0023674946278333664,loss
fitness,img3_gt.png,tsallis,12,L-SHADE,SHADE,-24212.745042577677,5.587935447692871e-09,loss
fitness,img4.png,kapur,3,L-SHADE,SHADE,0.0,1.0,tie
fitness,img4.png,kapur,5,L-SHADE,SHADE,-5.9484425261047136e-05,0.6896316224373116,tie
fitness,img4.png,kapur,7,L-SHADE,SHADE,0.03517751893918586,0.06989291124045849,tie
fitness,img4.png,kapur,9,L-SHADE,SHADE,-0.018261748539515565,0.049710121005773544,loss
fitness,img4.png,kapur,11,L-SHADE,SHADE,-0.12095225290910605,2.551823854446411e-07,loss
fitness,img4.png,kapur,12,L-SHADE,SHADE,-0.17837541116157496,9.313225746154785e-09,loss
fitness,img4.png,otsu,3,L-SHADE,SHADE,0.0,1.0,tie
fitness,img4.png,otsu,5,L-SHADE,SHADE,0.02806797415132678,0.15581434863817367,tie
fitness,img4.png,otsu,7,L-SHADE,SHADE,-0.07658296730414804,0.03841841779649258,loss
fitness,img4.png,otsu,9,L-SHADE,SHADE,-0.31968892554505146,0.010598260909318924,loss
fitness,img4.png,otsu,11,L-SHADE,SHADE,-0.6394360501608389,8.326023817062378e-07,loss
fitness,img4.png,otsu,12,L-SHADE,SHADE,-0.956703629302865,3.855675458908081e-07,loss
fitness,img4.png,tsallis,3,L-SHADE,SHADE,0.0,1.0,tie
fitness,img4.png,tsallis,5,L-SHADE,SHADE,-0.0878138987661714,0.805022216079543,tie
fitness,img4.png,tsallis,7,L-SHADE,SHADE,-9.878905171843144,0.8393927440047264,tie
fitness,img4.png,tsallis,9,L-SHADE,SHADE,-1428.052407705196,8.326023817062378e-07,loss
fitness,img4.png,tsallis,11,L-SHADE,SHADE,-25410.86164168548,3.2391399145126343e-06,loss
fitness,img4.png,tsallis,12,L-SHADE,SHADE,-100683.04828281561,5.718320608139038e-07,loss
fitness,img4_gt.png,kapur,3,L-SHADE,SHADE,0.0,1.0,tie
fitness,img4_gt.png,kapur,5,L-SHADE,SHADE,-0.0002839462024724071,0.9720227022594403,tie
fitness,img4_gt.png,kapur,7,L-SHADE,SHADE,-0.007882319621792533,0.761065473780036,tie
fitness,img4_gt.png,kapur,9,L-SHADE,SHADE,-0.10643694891255961,9.98377799987793e-07,loss
fitness,img4_gt.png,kapur,11,L-SHADE,SHADE,-0.16869027196426956,1.862645149230957e-08,loss
fitness,img4_gt.png,kapur,12,L-SHADE,SHADE,-0.1894559097535371,9.220093488693237e-06,loss
fitness,img4_gt.png,otsu,3,L-SHADE,SHADE,0.0,1.0,tie
fitness,img4_gt.png,otsu,5,L-SHADE,SHADE,0.0007805169013863633,0.2376856553359633,tie
fitness,img4_gt.png,otsu,7,L-SHADE,SHADE,0.013353058720440458,0.5026418221105523,tie
fitness,img4_gt.png,otsu,9,L-SHADE,SHADE,-0.08963502984124716,6.286613643169403e-05,loss
fitness,img4_gt.png,otsu,11,L-SHADE,SHADE,-0.20856274352809123,1.862645149230957e-08,loss
fitness,img4_gt.png,otsu,12,L-SHADE,SHADE,-0.22667800291151252,1.30385160446167e-08,loss
fitness,img4_gt.png,tsallis,3,L-SHADE,SHADE,0.0,1.0,tie
fitness,img4_gt.png,tsallis,5,L-SHADE,SHADE,0.1679694935783118,0.1084584518229684,tie
fitness,img4_gt.png,tsallis,7,L-SHADE,SHADE,-14.200840856633477,0.012047622352838516,loss
fitness,img4_gt.png,tsallis,9,L-SHADE,SHADE,-123.08983666455151,0.0023674946278333664,loss
fitness,img4_gt.png,tsallis,11,L-SHADE,SHADE,-1573.4217075779216,8.009374141693115e-08,loss
fitness,img4_gt.png,tsallis,12,L-SHADE,SHADE,-3192.1937368724066,9.98377799987793e-07,loss
psnr,img1.png,kapur,3,L-SHADE,SHADE,0.0,1.0,tie
psnr,img1.png,kapur,5,L-SHADE,SHADE,-0.002591922501196109,0.7530845590021841,tie
psnr,img1.png,kapur,7,L-SHADE,SHADE,-0.05626848322832956,0.15794767439365387,tie
psnr,img1.png,kapur,9,L-SHADE,SHADE,0.14550303932863073,0.7456546742469072,tie
psnr,img1.png,kapur,11,L-SHADE,SHADE,-0.03176312090290878,0.685047073289752,tie
psnr,img1.png,kapur,12,L-SHADE,SHADE,-0.04696030777133586,0.9515264742076397,tie
psnr,img1.png,otsu,3,L-SHADE,SHADE,0.0,1.0,tie
psnr,img1.png,otsu,5,L-SHADE,SHADE,4.2119474787938316e-05,0.9034483826227635,tie
psnr,img1.png,otsu,7,L-SHADE,SHADE,-0.00014615087165026353,0.8235769439488649,tie
psnr,img1.png,otsu,9,L-SHADE,SHADE,-0.03582733385449899,0.00011058151721954346,loss
psnr,img1.png,otsu,11,L-SHADE,SHADE,-0.1173282990391229,1.218356192111969e-05,loss
psnr,img1.png,otsu,12,L-SHADE,SHADE,-0.188946978756249,3.1478703022003174e-07,loss
psnr,img1.png,tsallis,3,L-SHADE,SHADE,0.0,1.0,tie
psnr,img1.png,tsallis,5,L-SHADE,SHADE,-0.007755187192692858,0.4555749429572934,tie
psnr,img1.png,tsallis,7,L-SHADE,SHADE,0.004681770276860675,0.5158484429121017,tie
psnr,img1.png,tsallis,9,L-SHADE,SHADE,-0.012737102917192544,0.6408254038542509,tie
psnr,img1.png,tsallis,11,L-SHADE,SHADE,-0.10041698051349002,0.685047073289752,tie
psnr,img1.png,tsallis,12,L-SHADE,SHADE,0.3464277031121732,0.10039735585451126,tie
psnr,img10.png,kapur,3,L-SHADE,SHADE,0.0,1.0,tie
psnr,img10.png,kapur,5,L-SHADE,SHADE,-0.014539396870517862,0.14269126633383697,tie
psnr,img10.png,kapur,7,L-SHADE,SHADE,-0.02538331745225264,0.22855282202363014,tie
psnr,img10.png,kapur,9,L-SHADE,SHADE,-0.06249094891905216,0.054921628907322884,tie
psnr,img10.png,kapur,11,L-SHADE,SHADE,-0.1544819278974714,0.022098854184150696,loss
psnr,img10.png,kapur,12,L-SHADE,SHADE,-0.052295652771178425,0.31839608028531075,tie
psnr,img10.png,otsu,3,L-SHADE,SHADE,0.0,1.0,tie
psnr,img10.png,otsu,5,L-SHADE,SHADE,0.0003687660663409531,0.06987287900126159,tie
psnr,img10.png,otsu,7,L-SHADE,SHADE,-0.0008824640144879936,0.9032264724373817,tie
psnr,img10.png,otsu,9,L-SHADE,SHADE,-0.03737306839123988,7.056817412376404e-05,loss
psnr,img10.png,otsu,11,L-SHADE,SHADE,-0.12838692434264232,4.6566128730773926e-08,loss
psnr,img10.png,otsu,12,L-SHADE,SHADE,-0.16038082510810625,1.30385160446167e-07,loss
psnr,img10.png,tsallis,3,L-SHADE,SHADE,0.0,1.0,tie
psnr,img10.png,tsallis,5,L-SHADE,SHADE,-0.005957390467340673,0.35446410132252004,tie
psnr,img10.png,tsallis,7,L-SHADE,SHADE,0.038728736037036526,0.5978077705949545,tie
psnr,img10.png,tsallis,9,L-SHADE,SHADE,0.049168657317888886,0.5698575973510742,tie
psnr,img10.png,tsallis,11,L-SHADE,SHADE,0.05396783760606638,0.24494642950594425,tie
psnr,img10.png,tsallis,12,L-SHADE,SHADE,0.004746732615593885,0.9032264724373817,tie
psnr,img10_gt.png,kapur,3,L-SHADE,SHADE,0.009371405816668954,0.17971249487899976,tie
psnr,img10_gt.png,kapur,5,L-SHADE,SHADE,0.0006592154756397406,0.4133023795226214,tie
psnr,img10_gt.png,kapur,7,L-SHADE,SHADE,0.0015822443977491218,0.8871948085725307,tie
psnr,img10_gt.png,kapur,9,L-SHADE,SHADE,-0.013667840140293208,0.7921590935438871,tie
psnr,img10_gt.png,kapur,11,L-SHADE,SHADE,0.002582232078388813,0.9515264742076397,tie
psnr,img10_gt.png,kapur,12,L-SHADE,SHADE,-0.0211516802144871,0.5561132747679949,tie
psnr,img10_gt.png,otsu,3,L-SHADE,SHADE,0.0,1.0,tie
psnr,img10_gt.png,otsu,5,L-SHADE,SHADE,5.1909625639723345e-05,0.25683925795785656,tie
psnr,img10_gt.png,otsu,7,L-SHADE,SHADE,-0.002971883136083875,0.2622734842783425,tie
psnr,img10_gt.png,otsu,9,L-SHADE,SHADE,-0.0708992988995476,0.0001528710126876831,loss
psnr,img10_gt.png,otsu,11,L-SHADE,SHADE,-0.18025249284389133,6.910413503646851e-07,loss
psnr,img10_gt.png,otsu,12,L-SHADE,SHADE,-0.3003896410249993,6.146728992462158e-08,loss
psnr,img10_gt.png,tsallis,3,L-SHADE,SHADE,0.0,1.0,tie
psnr,img10_gt.png,tsallis,5,L-SHADE,SHADE,-0.0011398368877912901,0.07540930583044295,tie
psnr,img10_gt.png,tsallis,7,L-SHADE,SHADE,-0.00206208032492583,0.6265970924224259,tie
psnr,img10_gt.png,tsallis,9,L-SHADE,SHADE,-0.02601515766513529,0.5158484429121017,tie
psnr,img10_gt.png,tsallis,11,L-SHADE,SHADE,-0.27502201294667117,0.11907656863331795,tie
psnr,img10_gt.png,tsallis,12,L-SHADE,SHADE,0.06851968280672338,0.3284698575735092,tie
psnr,img1_gt.png,kapur,3,L-SHADE,SHADE,-0.0082905047099473,0.10247043485974941,tie
psnr,img1_gt.png,kapur,5,L-SHADE,SHADE,-0.0022524296891184292,0.5849625717945612,tie
psnr,img1_gt.png,kapur,7,L-SHADE,SHADE,-0.08816180682222097,0.9676735773682594,tie
psnr,img1_gt.png,kapur,9,L-SHADE,SHADE,0.05363818490064176,0.8235769439488649,tie
psnr,img1_gt.png,kapur,11,L-SHADE,SHADE,-0.04845267576389034,0.4399667661637068,tie
psnr,img1_gt.png,kapur,12,L-SHADE,SHADE,0.007948366626600034,0.9192965272814035,tie
psnr,img1_gt.png,otsu,3,L-SHADE,SHADE,0.0,1.0,tie
psnr,img1_gt.png,otsu,5,L-SHADE,SHADE,0.00040075759003599387,0.19298376420899377,tie
psnr,img1_gt.png,otsu,7,L-SHADE,SHADE,-0.005038171423009885,0.2710056286305189,tie
psnr,img1_gt.png,otsu,9,L-SHADE,SHADE,-0.029605183286030012,0.018529480323195457,loss
psnr,img1_gt.png,otsu,11,L-SHADE,SHADE,-0.1704338811929702,4.421919584274292e-06,loss
psnr,img1_gt.png,otsu,12,L-SHADE,SHADE,-0.1903500833840539,8.326023817062378e-07,loss
psnr,img1_gt.png,tsallis,3,L-SHADE,SHADE,0.0,1.0,tie
psnr,img1_gt.png,tsallis,5,L-SHADE,SHADE,0.003243944756444961,0.8011559105757236,tie
psnr,img1_gt.png,tsallis,7,L-SHADE,SHADE,0.13305581652839749,0.370740607380867,tie
psnr,img1_gt.png,tsallis,9,L-SHADE,SHADE,-0.15661057416623692,0.19807579927146435,tie
psnr,img1_gt.png,tsallis,11,L-SHADE,SHADE,0.1271589773373023,0.4898460879921913,tie
psnr,img1_gt.png,tsallis,12,L-SHADE,SHADE,-0.620226107683294,0.044907208532094955,loss
psnr,img2.png,kapur,3,L-SHADE,SHADE,0.0,1.0,tie
psnr,img2.png,kapur,5,L-SHADE,SHADE,-0.05234042656286064,0.509545099102297,tie
psnr,img2.png,kapur,7,L-SHADE,SHADE,-0.3208489504346588,0.7151329666376114,tie
psnr,img2.png,kapur,9,L-SHADE,SHADE,0.057004015680039544,0.9676735773682594,tie
psnr,img2.png,kapur,11,L-SHADE,SHADE,-0.0997883846320633,0.4521643426269293,tie
psnr,img2.png,kapur,12,L-SHADE,SHADE,-0.3059151023400304,0.03272089920938015,loss
psnr,img2.png,otsu,3,L-SHADE,SHADE,0.0,1.0,tie
psnr,img2.png,otsu,5,L-SHADE,SHADE,0.0002331027173845257,0.22421264809403474,tie
psnr,img2.png,otsu,7,L-SHADE,SHADE,-0.004166321165243403,0.10943205840885639,tie
psnr,img2.png,otsu,9,L-SHADE,SHADE,-0.0455273500349449,0.0037444327026605606,loss
psnr,img2.png,otsu,11,L-SHADE,SHADE,-0.12394897936977856,6.910413503646851e-07,loss
psnr,img2.png,otsu,12,L-SHADE,SHADE,-0.17818726018010977,1.0244548320770264e-07,loss
psnr,img2.png,tsallis,3,L-SHADE,SHADE,-0.0020168465505463473,0.31731050786291415,tie
psnr,img2.png,tsallis,5,L-SHADE,SHADE,0.011069765046602953,0.3450804321666914,tie
psnr,img2.png,tsallis,7,L-SHADE,SHADE,0.025842097326400193,0.3817984350025654,tie
psnr,img2.png,tsallis,9,L-SHADE,SHADE,-0.026937908213362505,0.4898460879921913,tie
psnr,img2.png,tsallis,11,L-SHADE,SHADE,-0.059830470900006816,0.4771064817905426,tie
psnr,img2.png,tsallis,12,L-SHADE,SHADE,0.006455410635012981,0.9676735773682594,tie
psnr,img2_gt.png,kapur,3,L-SHADE,SHADE,0.0,1.0,tie
psnr,img2_gt.png,kapur,5,L-SHADE,SHADE,0.0001673513676330174,0.28581286955330065,tie
psnr,img2_gt.png,kapur,7,L-SHADE,SHADE,0.006796710148019969,0.583757072687149,tie
psnr,img2_gt.png,kapur,9,L-SHADE,SHADE,0.005489367127321287,0.3598779272288084,tie
psnr,img2_gt.png,kapur,11,L-SHADE,SHADE,-0.018100159835732654,0.006639536470174789,loss
psnr,img2_gt.png,kapur,12,L-SHADE,SHADE,-0.9269743139780644,0.024786051362752914,loss
psnr,img2_gt.png,otsu,3,L-SHADE,SHADE,0.0,1.0,tie
psnr,img2_gt.png,otsu,5,L-SHADE,SHADE,-6.356671179474915e-05,0.45296640275106703,tie
psnr,img2_gt.png,otsu,7,L-SHADE,SHADE,-0.009093479790891479,0.0007726592908711714,loss
psnr,img2_gt.png,otsu,9,L-SHADE,SHADE,-0.03604351111989246,0.10039735585451126,tie
psnr,img2_gt.png,otsu,11,L-SHADE,SHADE,-0.17624681173140289,8.009374141693115e-08,loss
psnr,img2_gt.png,otsu,12,L-SHADE,SHADE,-0.23736613938197593,1.862645149230957e-09,loss
psnr,img2_gt.png,tsallis,3,L-SHADE,SHADE,2.8195510427764248e-05,0.31731050786291415,tie
psnr,img2_gt.png,tsallis,5,L-SHADE,SHADE,0.0006861069183585755,0.05788374335675074,tie
psnr,img2_gt.png,tsallis,7,L-SHADE,SHADE,0.0021294173272607964,0.9838335812091827,tie
psnr,img2_gt.png,tsallis,9,L-SHADE,SHADE,0.0019053528182091384,0.8078304156661034,tie
psnr,img2_gt.png,tsallis,11,L-SHADE,SHADE,-0.01234089930475335,0.4771064817905426,tie
psnr,img2_gt.png,tsallis,12,L-SHADE,SHADE,0.0889038478538744,0.28008678182959557,tie
psnr,img3.png,kapur,3,L-SHADE,SHADE,0.0,1.0,tie
psnr,img3.png,kapur,5,L-SHADE,SHADE,-0.0311568052073099,0.09960283811305569,tie
psnr,img3.png,kapur,7,L-SHADE,SHADE,-0.024185235552149464,0.4161298982799053,tie
psnr,img3.png,kapur,9,L-SHADE,SHADE,0.06251811099810567,0.20540969260036945,tie
psnr,img3.png,kapur,11,L-SHADE,SHADE,-0.36937842447649416,0.9515264742076397,tie
psnr,img3.png,kapur,12,L-SHADE,SHADE,-0.803022909024417,0.3817984350025654,tie
psnr,img3.png,otsu,3,L-SHADE,SHADE,0.0,1.0,tie
psnr,img3.png,otsu,5,L-SHADE,SHADE,0.0006008134438815205,0.1784350509139333,tie
psnr,img3.png,otsu,7,L-SHADE,SHADE,-0.0067455976221957314,0.13473508320748806,tie
psnr,img3.png,otsu,9,L-SHADE,SHADE,-0.044124560654125844,0.0037444327026605606,loss
psnr,img3.png,otsu,11,L-SHADE,SHADE,-0.1277311968154109,1.4193356037139893e-06,loss
psnr,img3.png,otsu,12,L-SHADE,SHADE,-0.1946702918263128,9.313225746154785e-09,loss
psnr,img3.png,tsallis,3,L-SHADE,SHADE,0.0,1.0,tie
psnr,img3.png,tsallis,5,L-SHADE,SHADE,0.00082549251015962,0.8372418797172178,tie
psnr,img3.png,tsallis,7,L-SHADE,SHADE,-0.0008793856073836537,0.9838335812091827,tie
psnr,img3.png,tsallis,9,L-SHADE,SHADE,-0.17296647616924687,0.054921628907322884,tie
psnr,img3.png,tsallis,11,L-SHADE,SHADE,0.19886049452234644,0.2710056286305189,tie
psnr,img3.png,tsallis,12,L-SHADE,SHADE,0.3076866070654489,0.338741784915328,tie
psnr,img3_gt.png,kapur,3,L-SHADE,SHADE,0.0,1.0,tie
psnr,img3_gt.png,kapur,5,L-SHADE,SHADE,-0.00016281169999743383,0.9168714021443506,tie
psnr,img3_gt.png,kapur,7,L-SHADE,SHADE,-0.013810320531650433,0.12935307621955872,tie
psnr,img3_gt.png,kapur,9,L-SHADE,SHADE,0.98505535956523,0.25343610532581806,tie
psnr,img3_gt.png,kapur,11,L-SHADE,SHADE,-0.11025940133615819,0.7456546742469072,tie
psnr,img3_gt.png,kapur,12,L-SHADE,SHADE,-0.21703756106484917,0.39305018074810505,tie
psnr,img3_gt.png,otsu,3,L-SHADE,SHADE,0.0,1.0,tie
psnr,img3_gt.png,otsu,5,L-SHADE,SHADE,0.0005811019157562214,0.9757333140741626,tie
psnr,img3_gt.png,otsu,7,L-SHADE,SHADE,-0.021558363433058503,0.012047622352838516,loss
psnr,img3_gt.png,otsu,9,L-SHADE,SHADE,-0.09173950639980433,8.856505155563354e-05,loss
psnr,img3_gt.png,otsu,11,L-SHADE,SHADE,-0.21486327033931474,8.009374141693115e-08,loss
psnr,img3_gt.png,otsu,12,L-SHADE,SHADE,-0.2690221483485331,1.862645149230957e-09,loss
psnr,img3_gt.png,tsallis,3,L-SHADE,SHADE,0.0,1.0,tie
psnr,img3_gt.png,tsallis,5,L-SHADE,SHADE,0.00036803813773644833,0.3056469920650897,tie
psnr,img3_gt.png,tsallis,7,L-SHADE,SHADE,-0.003403405367219392,0.7303419969975948,tie
psnr,img3_gt.png,tsallis,9,L-SHADE,SHADE,-0.008610926355895998,0.9192965272814035,tie
psnr,img3_gt.png,tsallis,11,L-SHADE,SHADE,0.18951537904993643,0.308520769700408,tie
psnr,img3_gt.png,tsallis,12,L-SHADE,SHADE,0.1314330133525594,0.6701805889606476,tie
psnr,img4.png,kapur,3,L-SHADE,SHADE,0.0,1.0,tie
psnr,img4.png,kapur,5,L-SHADE,SHADE,-0.023478486585535308,0.6076320525535099,tie
psnr,img4.png,kapur,7,L-SHADE,SHADE,0.6611919227317813,0.8393927440047264,tie
psnr,img4.png,kapur,9,L-SHADE,SHADE,-0.05839820743753421,0.31839608028531075,tie
psnr,img4.png,kapur,11,L-SHADE,SHADE,-0.15256274201698972,0.0061949919909238815,loss
psnr,img4.png,kapur,12,L-SHADE,SHADE,-0.026446116856753576,0.7765688337385654,tie
psnr,img4.png,otsu,3,L-SHADE,SHADE,0.0,1.0,tie
psnr,img4.png,otsu,5,L-SHADE,SHADE,0.001151140685372809,0.15581434863817367,tie
psnr,img4.png,otsu,7,L-SHADE,SHADE,-0.00558416235183401,0.03841841779649258,loss
psnr,img4.png,otsu,9,L-SHADE,SHADE,-0.03671182172721643,0.010598260909318924,loss
psnr,img4.png,otsu,11,L-SHADE,SHADE,-0.10662109152860921,8.326023817062378e-07,loss
psnr,img4.png,otsu,12,L-SHADE,SHADE,-0.18789047877468334,3.855675458908081e-07,loss
psnr,img4.png,tsallis,3,L-SHADE,SHADE,0.0,1.0,tie
psnr,img4.png,tsallis,5,L-SHADE,SHADE,-0.020341063230961964,0.35460312372259284,tie
psnr,img4.png,tsallis,7,L-SHADE,SHADE,0.028448869146963318,0.5425279382616282,tie
psnr,img4.png,tsallis,9,L-SHADE,SHADE,-0.23540714138953334,0.21293285302817822,tie
psnr,img4.png,tsallis,11,L-SHADE,SHADE,-0.2962570788093615,0.00020912662148475647,loss
psnr,img4.png,tsallis,12,L-SHADE,SHADE,-0.16273225017532056,0.013663241639733315,loss
psnr,img4_gt.png,kapur,3,L-SHADE,SHADE,0.0,1.0,tie
psnr,img4_gt.png,kapur,5,L-SHADE,SHADE,0.000574089211099249,0.3806016461801647,tie
psnr,img4_gt.png,kapur,7,L-SHADE,SHADE,-0.011859178866995279,0.8393927440047264,tie
psnr,img4_gt.png,kapur,9,L-SHADE,SHADE,0.05329130553195327,0.9838335812091827,tie
psnr,img4_gt.png,kapur,11,L-SHADE,SHADE,0.9850480845396312,0.7151329666376114,tie
psnr,img4_gt.png,kapur,12,L-SHADE,SHADE,-1.472165904819299,0.5425279382616282,tie
psnr,img4_gt.png,otsu,3,L-SHADE,SHADE,0.0,1.0,tie
psnr,img4_gt.png,otsu,5,L-SHADE,SHADE,0.0001833848763439505,0.2376856553359633,tie
psnr,img4_gt.png,otsu,7,L-SHADE,SHADE,0.006029917649250649,0.5026418221105523,tie
psnr,img4_gt.png,otsu,9,L-SHADE,SHADE,-0.07534518313641314,6.286613643169403e-05,loss
psnr,img4_gt.png,otsu,11,L-SHADE,SHADE,-0.28669916858620326,1.862645149230957e-08,loss
psnr,img4_gt.png,otsu,12,L-SHADE,SHADE,-0.3705458746445558,1.30385160446167e-08,loss
psnr,img4_gt.png,tsallis,3,L-SHADE,SHADE,0.0,1.0,tie
psnr,img4_gt.png,tsallis,5,L-SHADE,SHADE,-0.005108955960025696,0.24634097056429305,tie
psnr,img4_gt.png,tsallis,7,L-SHADE,SHADE,0.09077018709477258,0.05768792890012264,tie
psnr,img4_gt.png,tsallis,9,L-SHADE,SHADE,0.004524438656581253,0.4898460879921913,tie
psnr,img4_gt.png,tsallis,11,L-SHADE,SHADE,0.007390189140032533,0.5291051845997572,tie
psnr,img4_gt.png,tsallis,12,L-SHADE,SHADE,0.13243360560031903,0.5561132747679949,tie
ssim,img1.png,kapur,3,L-SHADE,SHADE,0.0,1.0,tie
ssim,img1.png,kapur,5,L-SHADE,SHADE,3.864289243227237e-05,0.9543895363151045,tie
ssim,img1.png,kapur,7,L-SHADE,SHADE,-7.335653113671459e-05,0.9032264724373817,tie
ssim,img1.png,kapur,9,L-SHADE,SHADE,0.00038717135947430315,0.8393927440047264,tie
ssim,img1.png,kapur,11,L-SHADE,SHADE,-0.0003288567508011875,0.9032264724373817,tie
ssim,img1.png,kapur,12,L-SHADE,SHADE,-0.0003135416352194609,0.7765688337385654,tie
ssim,img1.png,otsu,3,L-SHADE,SHADE,0.0,1.0,tie
ssim,img1.png,otsu,5,L-SHADE,SHADE,-6.33365491780058e-05,0.8187645849976192,tie
ssim,img1.png,otsu,7,L-SHADE,SHADE,0.00014848059715433237,0.9515264742076397,tie
ssim,img1.png,otsu,9,L-SHADE,SHADE,-0.0002966602324547818,0.28008678182959557,tie
ssim,img1.png,otsu,11,L-SHADE,SHADE,-0.00019833430786231343,0.9838335812091827,tie
ssim,img1.png,otsu,12,L-SHADE,SHADE,-0.00168674347951836,0.0426517054438591,loss
ssim,img1.png,tsallis,3,L-SHADE,SHADE,0.0,1.0,tie
ssim,img1.png,tsallis,5,L-SHADE,SHADE,0.00021921262846968936,0.9396604093641382,tie
ssim,img1.png,tsallis,7,L-SHADE,SHADE,0.001282378301822762,0.024786051362752914,win
ssim,img1.png,tsallis,9,L-SHADE,SHADE,-0.0008761325686692523,0.370740607380867,tie
ssim,img1.png,tsallis,11,L-SHADE,SHADE,0.0005349587294873892,0.5698575973510742,tie
ssim,img1.png,tsallis,12,L-SHADE,SHADE,-0.0010377654504025724,0.31839608028531075,tie
ssim,img10.png,kapur,3,L-SHADE,SHADE,0.0,1.0,tie
ssim,img10.png,kapur,5,L-SHADE,SHADE,0.00027778543119139076,0.15625446366414322,tie
ssim,img10.png,kapur,7,L-SHADE,SHADE,-0.0003118257528577084,0.46454504504799843,tie
ssim,img10.png,kapur,9,L-SHADE,SHADE,-0.00020381097171573437,0.7303419969975948,tie
ssim,img10.png,kapur,11,L-SHADE,SHADE,-0.0014257388037879348,0.25343610532581806,tie
ssim,img10.png,kapur,12,L-SHADE,SHADE,-0.00044888835333167787,0.4898460879921913,tie
ssim,img10.png,otsu,3,L-SHADE,SHADE,0.0,1.0,tie
ssim,img10.png,otsu,5,L-SHADE,SHADE,8.494508755596542e-05,0.002517557846372667,win
ssim,img10.png,otsu,7,L-SHADE,SHADE,-0.00018396381323837474,0.46454504504799843,tie
ssim,img10.png,otsu,9,L-SHADE,SHADE,-0.0010053983347173556,0.019660815596580505,loss
ssim,img10.png,otsu,11,L-SHADE,SHADE,-0.0018588741919506324,0.019660815596580505,loss
ssim,img10.png,otsu,12,L-SHADE,SHADE,-0.0025365576662024214,0.0012321043759584427,loss
ssim,img10.png,tsallis,3,L-SHADE,SHADE,0.0,1.0,tie
ssim,img10.png,tsallis,5,L-SHADE,SHADE,7.929340162826648e-05,0.5884052633495727,tie
ssim,img10.png,tsallis,7,L-SHADE,SHADE,0.0005921452087936929,0.2621222734451294,tie
ssim,img10.png,tsallis,9,L-SHADE,SHADE,0.0003557628746895247,0.9676735773682594,tie
ssim,img10.png,tsallis,11,L-SHADE,SHADE,0.0013522842316935346,0.10943205840885639,tie
ssim,img10.png,tsallis,12,L-SHADE,SHADE,0.00031002125010748394,0.6554384250193834,tie
ssim,img10_gt.png,kapur,3,L-SHADE,SHADE,0.001852444147856347,0.17971249487899976,tie
ssim,img10_gt.png,kapur,5,L-SHADE,SHADE,0.0001010008998626466,0.8379440413896384,tie
ssim,img10_gt.png,kapur,7,L-SHADE,SHADE,0.0006607135595161351,0.6263462882488966,tie
ssim,img10_gt.png,kapur,9,L-SHADE,SHADE,-0.0002457304044968245,0.9515264742076397,tie
ssim,img10_gt.png,kapur,11,L-SHADE,SHADE,0.00020361390191170337,0.9032264724373817,tie
ssim,img10_gt.png,kapur,12,L-SHADE,SHADE,-0.0013351144045499197,0.5158484429121017,tie
ssim,img10_gt.png,otsu,3,L-SHADE,SHADE,0.0,1.0,tie
ssim,img10_gt.png,otsu,5,L-SHADE,SHADE,-6.226707024548084e-06,0.25683925795785656,tie
ssim,img10_gt.png,otsu,7,L-SHADE,SHADE,6.38066918843272e-05,0.4284056072895983,tie
ssim,img10_gt.png,otsu,9,L-SHADE,SHADE,-7.711868262361143e-05,0.5027610473334789,tie
ssim,img10_gt.png,otsu,11,L-SHADE,SHADE,-0.0002129354628442881,0.5425279382616282,tie
ssim,img10_gt.png,otsu,12,L-SHADE,SHADE,-0.0001382973682549915,0.583757072687149,tie
ssim,img10_gt.png,tsallis,3,L-SHADE,SHADE,0.0,1.0,tie
ssim,img10_gt.png,tsallis,5,L-SHADE,SHADE,-0.00011092223958186764,0.1805828288367759,tie
ssim,img10_gt.png,tsallis,7,L-SHADE,SHADE,-0.00037709403046171097,0.6732787363156975,tie
ssim,img10_gt.png,tsallis,9,L-SHADE,SHADE,-0.0017703464629067467,0.6701805889606476,tie
ssim,img10_gt.png,tsallis,11,L-SHADE,SHADE,-0.0011995531879630539,0.871207794174552,tie
ssim,img10_gt.png,tsallis,12,L-SHADE,SHADE,0.0010944777688058904,0.6120056137442589,tie
ssim,img1_gt.png,kapur,3,L-SHADE,SHADE,-0.0006948038541764179,0.10247043485974941,tie
ssim,img1_gt.png,kapur,5,L-SHADE,SHADE,-0.00012752682422811912,0.905490580639714,tie
ssim,img1_gt.png,kapur,7,L-SHADE,SHADE,0.0002846307169496187,0.7765688337385654,tie
ssim,img1_gt.png,kapur,9,L-SHADE,SHADE,-0.0013760219631524517,0.5291051845997572,tie
ssim,img1_gt.png,kapur,11,L-SHADE,SHADE,0.00010491142944890619,0.7151329666376114,tie
ssim,img1_gt.png,kapur,12,L-SHADE,SHADE,0.001448540511996943,0.338741784915328,tie
ssim,img1_gt.png,otsu,3,L-SHADE,SHADE,0.0,1.0,tie
ssim,img1_gt.png,otsu,5,L-SHADE,SHADE,-7.131223297451861e-05,0.6961366347169013,tie
ssim,img1_gt.png,otsu,7,L-SHADE,SHADE,0.00010387519842380843,0.4161298982799053,tie
ssim,img1_gt.png,otsu,9,L-SHADE,SHADE,-0.00017481790927476037,0.40449450351297855,tie
ssim,img1_gt.png,otsu,11,L-SHADE,SHADE,-0.0003663791338395228,0.19807579927146435,tie
ssim,img1_gt.png,otsu,12,L-SHADE,SHADE,-3.5760919703919924e-05,0.871207794174552,tie
ssim,img1_gt.png,tsallis,3,L-SHADE,SHADE,0.0,1.0,tie
ssim,img1_gt.png,tsallis,5,L-SHADE,SHADE,8.178893526078479e-05,0.8011559105757236,tie
ssim,img1_gt.png,tsallis,7,L-SHADE,SHADE,-0.0021006427431468078,0.4161298982799053,tie
ssim,img1_gt.png,tsallis,9,L-SHADE,SHADE,-0.001411838836186341,0.4771064817905426,tie
ssim,img1_gt.png,tsallis,11,L-SHADE,SHADE,0.0002913206725381201,0.9676735773682594,tie
ssim,img1_gt.png,tsallis,12,L-SHADE,SHADE,-0.00522156013234687,0.0635564886033535,tie
ssim,img2.png,kapur,3,L-SHADE,SHADE,0.0,1.0,tie
ssim,img2.png,kapur,5,L-SHADE,SHADE,-0.0018581952896464804,0.6419844515316762,tie
ssim,img2.png,kapur,7,L-SHADE,SHADE,0.0006051148282493202,0.871207794174552,tie
ssim,img2.png,kapur,9,L-SHADE,SHADE,0.0024541954882411066,0.685047073289752,tie
ssim,img2.png,kapur,11,L-SHADE,SHADE,-0.0008956098667420864,0.8552717231214046,tie
ssim,img2.png,kapur,12,L-SHADE,SHADE,-0.0036096792188565763,0.338741784915328,tie
ssim,img2.png,otsu,3,L-SHADE,SHADE,0.0,1.0,tie
ssim,img2.png,otsu,5,L-SHADE,SHADE,0.0004018922063200314,0.13325744557893057,tie
ssim,img2.png,otsu,7,L-SHADE,SHADE,0.00011906837579345186,0.5291051845997572,tie
ssim,img2.png,otsu,9,L-SHADE,SHADE,-0.000613995446589688,0.5698575973510742,tie
ssim,img2.png,otsu,11,L-SHADE,SHADE,-0.0021869181402149884,0.012047622352838516,loss
ssim,img2.png,otsu,12,L-SHADE,SHADE,-0.000711779499326437,0.24494642950594425,tie
ssim,img2.png,tsallis,3,L-SHADE,SHADE,-0.0004134838148197595,0.31731050786291415,tie
ssim,img2.png,tsallis,5,L-SHADE,SHADE,-8.390720932360818e-05,0.8074957339901563,tie
ssim,img2.png,tsallis,7,L-SHADE,SHADE,-0.00021804808400305298,0.761065473780036,tie
ssim,img2.png,tsallis,9,L-SHADE,SHADE,-0.0009141318207237514,0.685047073289752,tie
ssim,img2.png,tsallis,11,L-SHADE,SHADE,-0.0002985563641723088,0.9192965272814035,tie
ssim,img2.png,tsallis,12,L-SHADE,SHADE,-0.002412013603310892,0.06989291124045849,tie
ssim,img2_gt.png,kapur,3,L-SHADE,SHADE,0.0,1.0,tie
ssim,img2_gt.png,kapur,5,L-SHADE,SHADE,6.979631848491596e-05,0.4064467757612853,tie
ssim,img2_gt.png,kapur,7,L-SHADE,SHADE,0.0008686597749059111,0.4161298982799053,tie
ssim,img2_gt.png,kapur,9,L-SHADE,SHADE,-9.112744644612647e-05,0.4521643426269293,tie
ssim,img2_gt.png,kapur,11,L-SHADE,SHADE,-0.000635254800875007,0.308520769700408,tie
ssim,img2_gt.png,kapur,12,L-SHADE,SHADE,-0.0002817595818144225,0.5698575973510742,tie
ssim,img2_gt.png,otsu,3,L-SHADE,SHADE,0.0,1.0,tie
ssim,img2_gt.png,otsu,5,L-SHADE,SHADE,3.213833644877262e-06,0.45296640275106703,tie
ssim,img2_gt.png,otsu,7,L-SHADE,SHADE,-0.00047299668702638353,0.0033902335845606745,loss
ssim,img2_gt.png,otsu,9,L-SHADE,SHADE,-9.883170292324106e-05,0.583757072687149,tie
ssim,img2_gt.png,otsu,11,L-SHADE,SHADE,-8.131720105997164e-05,0.7456546742469072,tie
ssim,img2_gt.png,otsu,12,L-SHADE,SHADE,-0.00039674687857771396,0.06056523136794567,tie
ssim,img2_gt.png,tsallis,3,L-SHADE,SHADE,2.432627084991701e-06,0.31731050786291415,tie
ssim,img2_gt.png,tsallis,5,L-SHADE,SHADE,5.331263886665383e-05,0.0527008699111414,tie
ssim,img2_gt.png,tsallis,7,L-SHADE,SHADE,0.000674540699207915,0.7921590935438871,tie
ssim,img2_gt.png,tsallis,9,L-SHADE,SHADE,0.0004915388069914872,0.5027610473334789,tie
ssim,img2_gt.png,tsallis,11,L-SHADE,SHADE,4.71981364574825e-05,0.8078304156661034,tie
ssim,img2_gt.png,tsallis,12,L-SHADE,SHADE,0.0035030486331388833,0.17719271034002304,tie
ssim,img3.png,kapur,3,L-SHADE,SHADE,0.0,1.0,tie
ssim,img3.png,kapur,5,L-SHADE,SHADE,5.900781140477651e-05,0.22472823029878386,tie
ssim,img3.png,kapur,7,L-SHADE,SHADE,0.0004271957016889205,0.5425279382616282,tie
ssim,img3.png,kapur,9,L-SHADE,SHADE,-0.0010735720927387282,0.42795460671186447,tie
ssim,img3.png,kapur,11,L-SHADE,SHADE,-0.0035463523721964707,0.018529480323195457,loss
ssim,img3.png,kapur,12,L-SHADE,SHADE,-0.001426866225409551,0.685047073289752,tie
ssim,img3.png,otsu,3,L-SHADE,SHADE,0.0,1.0,tie
ssim,img3.png,otsu,5,L-SHADE,SHADE,2.5384416364127027e-05,0.6864504412490009,tie
ssim,img3.png,otsu,7,L-SHADE,SHADE,-0.00032476917380597214,0.28936620615422726,tie
ssim,img3.png,otsu,9,L-SHADE,SHADE,-0.0010703596742116517,0.07324407435953617,tie
ssim,img3.png,otsu,11,L-SHADE,SHADE,-0.0014565595159996558,0.013663241639733315,loss
ssim,img3.png,otsu,12,L-SHADE,SHADE,-0.0016400693102200936,0.004031794145703316,loss
ssim,img3.png,tsallis,3,L-SHADE,SHADE,0.0,1.0,tie
ssim,img3.png,tsallis,5,L-SHADE,SHADE,0.0007147862869658628,0.568258183835314,tie
ssim,img3.png,tsallis,7,L-SHADE,SHADE,0.00020712725505789287,0.8552717231214046,tie
ssim,img3.png,tsallis,9,L-SHADE,SHADE,-0.00011559452746900956,0.7456546742469072,tie
ssim,img3.png,tsallis,11,L-SHADE,SHADE,-0.00036232669476488066,0.5425279382616282,tie
ssim,img3.png,tsallis,12,L-SHADE,SHADE,0.0009145171065561009,0.6120056137442589,tie
ssim,img3_gt.png,kapur,3,L-SHADE,SHADE,0.0,1.0,tie
ssim,img3_gt.png,kapur,5,L-SHADE,SHADE,-0.000580343270788819,0.5777535454153688,tie
ssim,img3_gt.png,kapur,7,L-SHADE,SHADE,-0.0011198944478580941,0.07324407435953617,tie
ssim,img3_gt.png,kapur,9,L-SHADE,SHADE,0.004812842906745551,0.42795460671186447,tie
ssim,img3_gt.png,kapur,11,L-SHADE,SHADE,-0.0015469443892436319,0.7456546742469072,tie
ssim,img3_gt.png,kapur,12,L-SHADE,SHADE,-0.0021817118964252424,0.5978077705949545,tie
ssim,img3_gt.png,otsu,3,L-SHADE,SHADE,0.0,1.0,tie
ssim,img3_gt.png,otsu,5,L-SHADE,SHADE,-0.0002760953069671501,0.8551818598947849,tie
ssim,img3_gt.png,otsu,7,L-SHADE,SHADE,0.0004215248024416196,0.28008678182959557,tie
ssim,img3_gt.png,otsu,9,L-SHADE,SHADE,-0.0004898664284073151,0.07672121562063694,tie
ssim,img3_gt.png,otsu,11,L-SHADE,SHADE,-0.0003998281131497583,0.11417667381465435,tie
ssim,img3_gt.png,otsu,12,L-SHADE,SHADE,-0.0001729622562732791,0.3492113798856735,tie
ssim,img3_gt.png,tsallis,3,L-SHADE,SHADE,0.0,1.0,tie
ssim,img3_gt.png,tsallis,5,L-SHADE,SHADE,3.3301222745141246e-05,0.25502830106613594,tie
ssim,img3_gt.png,tsallis,7,L-SHADE,SHADE,-0.0007334006861156039,0.5158484429121017,tie
ssim,img3_gt.png,tsallis,9,L-SHADE,SHADE,-0.0022710170938378127,0.4771064817905426,tie
ssim,img3_gt.png,tsallis,11,L-SHADE,SHADE,0.0038417872873844905,0.3492113798856735,tie
ssim,img3_gt.png,tsallis,12,L-SHADE,SHADE,-0.002944576973176738,0.4771064817905426,tie
ssim,img4.png,kapur,3,L-SHADE,SHADE,0.0,1.0,tie
ssim,img4.png,kapur,5,L-SHADE,SHADE,-3.127697021587661e-05,0.9726934000280009,tie
ssim,img4.png,kapur,7,L-SHADE,SHADE,0.002199694068585445,0.9032264724373817,tie
ssim,img4.png,kapur,9,L-SHADE,SHADE,-0.00010986712207172733,0.871207794174552,tie
ssim,img4.png,kapur,11,L-SHADE,SHADE,-0.00119436841853926,0.07324407435953617,tie
ssim,img4.png,kapur,12,L-SHADE,SHADE,0.00022839169869115494,0.7921590935438871,tie
ssim,img4.png,otsu,3,L-SHADE,SHADE,0.0,1.0,tie
ssim,img4.png,otsu,5,L-SHADE,SHADE,-0.00010554228767756246,0.5508323134526298,tie
ssim,img4.png,otsu,7,L-SHADE,SHADE,9.733766890862583e-05,0.8552717231214046,tie
ssim,img4.png,otsu,9,L-SHADE,SHADE,-0.0004369623155033864,0.13473508320748806,tie
ssim,img4.png,otsu,11,L-SHADE,SHADE,-0.0003598191579008425,0.24494642950594425,tie
ssim,img4.png,otsu,12,L-SHADE,SHADE,-0.002040518922833079,6.917864084243774e-06,loss
ssim,img4.png,tsallis,3,L-SHADE,SHADE,0.0,1.0,tie
ssim,img4.png,tsallis,5,L-SHADE,SHADE,-0.00021046114106393343,0.7420521795570589,tie
ssim,img4.png,tsallis,7,L-SHADE,SHADE,0.00017607611685510616,0.8235769439488649,tie
ssim,img4.png,tsallis,9,L-SHADE,SHADE,-0.0016141414761139394,0.13473508320748806,tie
ssim,img4.png,tsallis,11,L-SHADE,SHADE,-0.001399595427853506,0.003475155681371689,loss
ssim,img4.png,tsallis,12,L-SHADE,SHADE,-0.0011669100964423196,0.019660815596580505,loss
ssim,img4_gt.png,kapur,3,L-SHADE,SHADE,0.0,1.0,tie
ssim,img4_gt.png,kapur,5,L-SHADE,SHADE,0.00012598344126513172,0.5510309180207068,tie
ssim,img4_gt.png,kapur,7,L-SHADE,SHADE,-0.0009838322462625282,0.8393927440047264,tie
ssim,img4_gt.png,kapur,9,L-SHADE,SHADE,-0.00015112970767494627,0.7000329215079546,tie
ssim,img4_gt.png,kapur,11,L-SHADE,SHADE,0.00027503696400765776,0.8078304156661034,tie
ssim,img4_gt.png,kapur,12,L-SHADE,SHADE,-0.00011811936074346274,0.9515264742076397,tie
ssim,img4_gt.png,otsu,3,L-SHADE,SHADE,0.0,1.0,tie
ssim,img4_gt.png,otsu,5,L-SHADE,SHADE,-4.911193643653e-06,0.4786504817949061,tie
ssim,img4_gt.png,otsu,7,L-SHADE,SHADE,-4.43872549836799e-05,0.47548291290430567,tie
ssim,img4_gt.png,otsu,9,L-SHADE,SHADE,-0.0007374867858688239,0.007111456245183945,loss
ssim,img4_gt.png,otsu,11,L-SHADE,SHADE,-0.0006735127312734734,0.004031794145703316,loss
ssim,img4_gt.png,otsu,12,L-SHADE,SHADE,-0.0010081341555862045,0.0029870010912418365,loss
ssim,img4_gt.png,tsallis,3,L-SHADE,SHADE,0.0,1.0,tie
ssim,img4_gt.png,tsallis,5,L-SHADE,SHADE,0.00027750168063300773,0.06111155867536276,tie
ssim,img4_gt.png,tsallis,7,L-SHADE,SHADE,0.0023151938554921703,0.15188691951334476,tie
ssim,img4_gt.png,tsallis,9,L-SHADE,SHADE,0.0007827271678325642,0.4898460879921913,tie
ssim,img4_gt.png,tsallis,11,L-SHADE,SHADE,0.0018300487930806852,0.28008678182959557,tie
ssim,img4_gt.png,tsallis,12,L-SHADE,SHADE,0.0007141800403855925,0.5425279382616282,tie
uniformity,img1.png,kapur,3,L-SHADE,SHADE,0.0,1.0,tie
uniformity,img1.png,kapur,5,L-SHADE,SHADE,-2.7622702639895635e-05,0.7530845590021841,tie
uniformity,img1.png,kapur,7,L-SHADE,SHADE,-0.0005785388277886883,0.17059839516878128,tie
uniformity,img1.png,kapur,9,L-SHADE,SHADE,0.0006626283519578502,0.7921590935438871,tie
uniformity,img1.png,kapur,11,L-SHADE,SHADE,-0.00012101621289839493,0.6554384250193834,tie
uniformity,img1.png,kapur,12,L-SHADE,SHADE,-0.00016927764924512534,0.9032264724373817,tie
uniformity,img1.png,otsu,3,L-SHADE,SHADE,0.0,1.0,tie
uniformity,img1.png,otsu,5,L-SHADE,SHADE,1.647162536366764e-07,0.9034483826227635,tie
uniformity,img1.png,otsu,7,L-SHADE,SHADE,-4.66221152684021e-07,0.8235769439488649,tie
uniformity,img1.png,otsu,9,L-SHADE,SHADE,-8.952009955109919e-05,0.00011058151721954346,loss
uniformity,img1.png,otsu,11,L-SHADE,SHADE,-0.0002552952647124629,1.218356192111969e-05,loss
uniformity,img1.png,otsu,12,L-SHADE,SHADE,-0.0003857455833866652,2.551823854446411e-07,loss
uniformity,img1.png,tsallis,3,L-SHADE,SHADE,0.0,1.0,tie
uniformity,img1.png,tsallis,5,L-SHADE,SHADE,-7.695666367391052e-05,0.4555749429572934,tie
uniformity,img1.png,tsallis,7,L-SHADE,SHADE,3.230197697901005e-05,0.5027610473334789,tie
uniformity,img1.png,tsallis,9,L-SHADE,SHADE,-0.00017984719344465994,0.6263462882488966,tie
uniformity,img1.png,tsallis,11,L-SHADE,SHADE,-0.0010577499423694015,0.5978077705949545,tie
uniformity,img1.png,tsallis,12,L-SHADE,SHADE,0.0024728876715787163,0.15188691951334476,tie
uniformity,img10.png,kapur,3,L-SHADE,SHADE,0.0,1.0,tie
uniformity,img10.png,kapur,5,L-SHADE,SHADE,-0.0003241538693510293,0.14269126633383697,tie
uniformity,img10.png,kapur,7,L-SHADE,SHADE,-9.5404169538571e-05,0.22855282202363014,tie
uniformity,img10.png,kapur,9,L-SHADE,SHADE,-0.00021383528280172204,0.05768792890012264,tie
uniformity,img10.png,kapur,11,L-SHADE,SHADE,-0.0004588853703098028,0.02084985189139843,loss
uniformity,img10.png,kapur,12,L-SHADE,SHADE,-0.00015183586964073736,0.31839608028531075,tie
uniformity,img10.png,otsu,3,L-SHADE,SHADE,0.0,1.0,tie
uniformity,img10.png,otsu,5,L-SHADE,SHADE,1.468799894710493e-06,0.06987287900126159,tie
uniformity,img10.png,otsu,7,L-SHADE,SHADE,-2.6461303854752316e-06,0.9032264724373817,tie
uniformity,img10.png,otsu,9,L-SHADE,SHADE,-9.86672461290583e-05,7.056817412376404e-05,loss
uniformity,img10.png,otsu,11,L-SHADE,SHADE,-0.0003005232114009493,4.6566128730773926e-08,loss
uniformity,img10.png,otsu,12,L-SHADE,SHADE,-0.00035718120255712194,1.0244548320770264e-07,loss
uniformity,img10.png,tsallis,3,L-SHADE,SHADE,0.0,1.0,tie
uniformity,img10.png,tsallis,5,L-SHADE,SHADE,-0.00010318829272171204,0.35446410132252004,tie
uniformity,img10.png,tsallis,7,L-SHADE,SHADE,0.0002150368050131135,0.5698575973510742,tie
uniformity,img10.png,tsallis,9,L-SHADE,SHADE,0.00014789088089883773,0.5698575973510742,tie
uniformity,img10.png,tsallis,11,L-SHADE,SHADE,0.00015403046423834166,0.25343610532581806,tie
uniformity,img10.png,tsallis,12,L-SHADE,SHADE,7.284178906163952e-06,0.8552717231214046,tie
uniformity,img10_gt.png,kapur,3,L-SHADE,SHADE,2.4522382001346266e-05,0.17971249487899976,tie
uniformity,img10_gt.png,kapur,5,L-SHADE,SHADE,2.729171532434016e-06,0.4133023795226214,tie
uniformity,img10_gt.png,kapur,7,L-SHADE,SHADE,8.454204742491811e-06,0.8871948085725307,tie
uniformity,img10_gt.png,kapur,9,L-SHADE,SHADE,-3.900267311296446e-05,0.7921590935438871,tie
uniformity,img10_gt.png,kapur,11,L-SHADE,SHADE,8.07499813104684e-06,0.9515264742076397,tie
uniformity,img10_gt.png,kapur,12,L-SHADE,SHADE,-7.463009943653454e-05,0.5698575973510742,tie
uniformity,img10_gt.png,otsu,3,L-SHADE,SHADE,0.0,1.0,tie
uniformity,img10_gt.png,otsu,5,L-SHADE,SHADE,3.27773084229932e-08,0.25683925795785656,tie
uniformity,img10_gt.png,otsu,7,L-SHADE,SHADE,-1.2394373951618576e-06,0.2622734842783425,tie
uniformity,img10_gt.png,otsu,9,L-SHADE,SHADE,-1.9289826627799656e-05,0.0001528710126876831,loss
uniformity,img10_gt.png,otsu,11,L-SHADE,SHADE,-3.964136625644876e-05,6.910413503646851e-07,loss
uniformity,img10_gt.png,otsu,12,L-SHADE,SHADE,-5.891178446826295e-05,4.6566128730773926e-08,loss
uniformity,img10_gt.png,tsallis,3,L-SHADE,SHADE,0.0,1.0,tie
uniformity,img10_gt.png,tsallis,5,L-SHADE,SHADE,-4.711824686753907e-06,0.07540930583044295,tie
uniformity,img10_gt.png,tsallis,7,L-SHADE,SHADE,-1.1280492641652096e-05,0.6265970924224259,tie
uniformity,img10_gt.png,tsallis,9,L-SHADE,SHADE,-6.0671587594263165e-05,0.5027610473334789,tie
uniformity,img10_gt.png,tsallis,11,L-SHADE,SHADE,-0.0010783392136747283,0.10943205840885639,tie
uniformity,img10_gt.png,tsallis,12,L-SHADE,SHADE,0.00028094404700229614,0.3284698575735092,tie
uniformity,img1_gt.png,kapur,3,L-SHADE,SHADE,-1.772152317947029e-05,0.10247043485974941,tie
uniformity,img1_gt.png,kapur,5,L-SHADE,SHADE,-4.716949828953432e-06,0.5849625717945612,tie
uniformity,img1_gt.png,kapur,7,L-SHADE,SHADE,-0.0001581712287994641,0.871207794174552,tie
uniformity,img1_gt.png,kapur,9,L-SHADE,SHADE,1.708825458979213e-05,0.8235769439488649,tie
uniformity,img1_gt.png,kapur,11,L-SHADE,SHADE,-2.0988975506064378e-05,0.5027610473334789,tie
uniformity,img1_gt.png,kapur,12,L-SHADE,SHADE,-9.00746616261383e-06,0.9838335812091827,tie
uniformity,img1_gt.png,otsu,3,L-SHADE,SHADE,0.0,1.0,tie
uniformity,img1_gt.png,otsu,5,L-SHADE,SHADE,3.0194790712201325e-07,0.19298376420899377,tie
uniformity,img1_gt.png,otsu,7,L-SHADE,SHADE,-2.9287494868190933e-06,0.2710056286305189,tie
uniformity,img1_gt.png,otsu,9,L-SHADE,SHADE,-1.4315549403565164e-05,0.019660815596580505,loss
uniformity,img1_gt.png,otsu,11,L-SHADE,SHADE,-7.247782902830568e-05,4.421919584274292e-06,loss
uniformity,img1_gt.png,otsu,12,L-SHADE,SHADE,-7.590079229358171e-05,8.326023817062378e-07,loss
uniformity,img1_gt.png,tsallis,3,L-SHADE,SHADE,0.0,1.0,tie
uniformity,img1_gt.png,tsallis,5,L-SHADE,SHADE,8.876106777133685e-06,0.8011559105757236,tie
uniformity,img1_gt.png,tsallis,7,L-SHADE,SHADE,0.00016401238263941131,0.39305018074810505,tie
uniformity,img1_gt.png,tsallis,9,L-SHADE,SHADE,-0.00016997926760764503,0.19807579927146435,tie
uniformity,img1_gt.png,tsallis,11,L-SHADE,SHADE,0.00010737640606239829,0.583757072687149,tie
uniformity,img1_gt.png,tsallis,12,L-SHADE,SHADE,-0.0007004242179402542,0.034536734223365784,loss
uniformity,img2.png,kapur,3,L-SHADE,SHADE,0.0,1.0,tie
uniformity,img2.png,kapur,5,L-SHADE,SHADE,-0.0005783288196219427,0.495763517547109,tie
uniformity,img2.png,kapur,7,L-SHADE,SHADE,-0.002173226625942548,0.7000329215079546,tie
uniformity,img2.png,kapur,9,L-SHADE,SHADE,0.00021402592431818412,0.935398668050766,tie
uniformity,img2.png,kapur,11,L-SHADE,SHADE,-0.0003494591655174295,0.40449450351297855,tie
uniformity,img2.png,kapur,12,L-SHADE,SHADE,-0.0008319102739592354,0.026228994131088257,loss
uniformity,img2.png,otsu,3,L-SHADE,SHADE,0.0,1.0,tie
uniformity,img2.png,otsu,5,L-SHADE,SHADE,6.635388029030409e-07,0.22421264809403474,tie
uniformity,img2.png,otsu,7,L-SHADE,SHADE,-9.186981562048224e-06,0.10943205840885639,tie
uniformity,img2.png,otsu,9,L-SHADE,SHADE,-8.187354227806587e-05,0.004031794145703316,loss
uniformity,img2.png,otsu,11,L-SHADE,SHADE,-0.0001965573166723411,6.910413503646851e-07,loss
uniformity,img2.png,otsu,12,L-SHADE,SHADE,-0.00026391147097226675,1.0244548320770264e-07,loss
uniformity,img2.png,tsallis,3,L-SHADE,SHADE,-2.8019574096926902e-05,0.31731050786291415,tie
uniformity,img2.png,tsallis,5,L-SHADE,SHADE,0.00011566913073290941,0.32974291080911466,tie
uniformity,img2.png,tsallis,7,L-SHADE,SHADE,0.000336770953002552,0.39305018074810505,tie
uniformity,img2.png,tsallis,9,L-SHADE,SHADE,-0.00028962438502710963,0.5158484429121017,tie
uniformity,img2.png,tsallis,11,L-SHADE,SHADE,-0.000903172143976616,0.42795460671186447,tie
uniformity,img2.png,tsallis,12,L-SHADE,SHADE,-0.00011645581670227667,1.0,tie
uniformity,img2_gt.png,kapur,3,L-SHADE,SHADE,0.0,1.0,tie
uniformity,img2_gt.png,kapur,5,L-SHADE,SHADE,5.592307498192284e-07,0.28581286955330065,tie
uniformity,img2_gt.png,kapur,7,L-SHADE,SHADE,3.065546682923248e-05,0.583757072687149,tie
uniformity,img2_gt.png,kapur,9,L-SHADE,SHADE,3.06693139981995e-05,0.3598779272288084,tie
uniformity,img2_gt.png,kapur,11,L-SHADE,SHADE,-0.0001239566680975024,0.006639536470174789,loss
uniformity,img2_gt.png,kapur,12,L-SHADE,SHADE,-0.0029401446934631537,0.017453668639063835,loss
uniformity,img2_gt.png,otsu,3,L-SHADE,SHADE,0.0,1.0,tie
uniformity,img2_gt.png,otsu,5,L-SHADE,SHADE,-3.557101524442885e-08,0.45296640275106703,tie
uniformity,img2_gt.png,otsu,7,L-SHADE,SHADE,-3.182080303698598e-06,0.0007726592908711714,loss
uniformity,img2_gt.png,otsu,9,L-SHADE,SHADE,-7.978160858179706e-06,0.10039735585451126,tie
uniformity,img2_gt.png,otsu,11,L-SHADE,SHADE,-2.945580262769809e-05,8.009374141693115e-08,loss
uniformity,img2_gt.png,otsu,12,L-SHADE,SHADE,-3.6053150448078775e-05,1.862645149230957e-09,loss
uniformity,img2_gt.png,tsallis,3,L-SHADE,SHADE,8.783967819780969e-08,0.31731050786291415,tie
uniformity,img2_gt.png,tsallis,5,L-SHADE,SHADE,2.323427126138533e-06,0.05788374335675074,tie
uniformity,img2_gt.png,tsallis,7,L-SHADE,SHADE,9.425438817767251e-06,0.9838335812091827,tie
uniformity,img2_gt.png,tsallis,9,L-SHADE,SHADE,1.0447629728904673e-05,0.8235769439488649,tie
uniformity,img2_gt.png,tsallis,11,L-SHADE,SHADE,-8.82103363973874e-05,0.5027610473334789,tie
uniformity,img2_gt.png,tsallis,12,L-SHADE,SHADE,0.0005418342996041936,0.28936620615422726,tie
uniformity,img3.png,kapur,3,L-SHADE,SHADE,0.0,1.0,tie
uniformity,img3.png,kapur,5,L-SHADE,SHADE,-0.0003611890694629194,0.09960283811305569,tie
uniformity,img3.png,kapur,7,L-SHADE,SHADE,-0.0003066095483925668,0.4161298982799053,tie
uniformity,img3.png,kapur,9,L-SHADE,SHADE,0.0006920546246904635,0.21293285302817822,tie
uniformity,img3.png,kapur,11,L-SHADE,SHADE,-0.0012902581195703977,0.9676735773682594,tie
uniformity,img3.png,kapur,12,L-SHADE,SHADE,-0.004956141846032658,0.4161298982799053,tie
uniformity,img3.png,otsu,3,L-SHADE,SHADE,0.0,1.0,tie
uniformity,img3.png,otsu,5,L-SHADE,SHADE,2.470327274628481e-06,0.1784350509139333,tie
uniformity,img3.png,otsu,7,L-SHADE,SHADE,-2.178926095686151e-05,0.140283040702343,tie
uniformity,img3.png,otsu,9,L-SHADE,SHADE,-0.00011833891461621171,0.0037444327026605606,loss
uniformity,img3.png,otsu,11,L-SHADE,SHADE,-0.00029316627301645415,1.4193356037139893e-06,loss
uniformity,img3.png,otsu,12,L-SHADE,SHADE,-0.0004173127537415722,9.313225746154785e-09,loss
uniformity,img3.png,tsallis,3,L-SHADE,SHADE,0.0,1.0,tie
uniformity,img3.png,tsallis,5,L-SHADE,SHADE,9.925318190551202e-06,0.8372418797172178,tie
uniformity,img3.png,tsallis,7,L-SHADE,SHADE,-2.2443766915958285e-05,1.0,tie
uniformity,img3.png,tsallis,9,L-SHADE,SHADE,-0.002122417167559343,0.036434996873140335,loss
uniformity,img3.png,tsallis,11,L-SHADE,SHADE,0.001654553142214965,0.28008678182959557,tie
uniformity,img3.png,tsallis,12,L-SHADE,SHADE,0.002285618000583911,0.39305018074810505,tie
uniformity,img3_gt.png,kapur,3,L-SHADE,SHADE,0.0,1.0,tie
uniformity,img3_gt.png,kapur,5,L-SHADE,SHADE,-2.0285040869261195e-08,0.9168714021443506,tie
uniformity,img3_gt.png,kapur,7,L-SHADE,SHADE,-8.542742201522735e-05,0.12935307621955872,tie
uniformity,img3_gt.png,kapur,9,L-SHADE,SHADE,0.002861712951252371,0.3492113798856735,tie
uniformity,img3_gt.png,kapur,11,L-SHADE,SHADE,-8.150163835141111e-05,0.7765688337385654,tie
uniformity,img3_gt.png,kapur,12,L-SHADE,SHADE,-0.00016618609625551617,0.370740607380867,tie
uniformity,img3_gt.png,otsu,3,L-SHADE,SHADE,0.0,1.0,tie
uniformity,img3_gt.png,otsu,5,L-SHADE,SHADE,4.0415075930333444e-07,0.9757333140741626,tie
uniformity,img3_gt.png,otsu,7,L-SHADE,SHADE,-1.0112012722829355e-05,0.011303061619400978,loss
uniformity,img3_gt.png,otsu,9,L-SHADE,SHADE,-3.2728158285921793e-05,8.856505155563354e-05,loss
uniformity,img3_gt.png,otsu,11,L-SHADE,SHADE,-6.638261603908457e-05,8.009374141693115e-08,loss
uniformity,img3_gt.png,otsu,12,L-SHADE,SHADE,-7.700771729324263e-05,1.862645149230957e-09,loss
uniformity,img3_gt.png,tsallis,3,L-SHADE,SHADE,0.0,1.0,tie
uniformity,img3_gt.png,tsallis,5,L-SHADE,SHADE,1.6927260173549286e-06,0.3053530999335776,tie
uniformity,img3_gt.png,tsallis,7,L-SHADE,SHADE,-2.080170492846367e-05,0.7303419969975948,tie
uniformity,img3_gt.png,tsallis,9,L-SHADE,SHADE,-6.861149333370342e-05,0.871207794174552,tie
uniformity,img3_gt.png,tsallis,11,L-SHADE,SHADE,0.0013384262408715486,0.31839608028531075,tie
uniformity,img3_gt.png,tsallis,12,L-SHADE,SHADE,0.000978849662322978,0.6701805889606476,tie
uniformity,img4.png,kapur,3,L-SHADE,SHADE,0.0,1.0,tie
uniformity,img4.png,kapur,5,L-SHADE,SHADE,-0.0004344810958559764,0.6076320525535099,tie
uniformity,img4.png,kapur,7,L-SHADE,SHADE,0.0064321148938635275,0.8393927440047264,tie
uniformity,img4.png,kapur,9,L-SHADE,SHADE,-0.00018764806172522075,0.338741784915328,tie
uniformity,img4.png,kapur,11,L-SHADE,SHADE,-0.00041882337471699227,0.006639536470174789,loss
uniformity,img4.png,kapur,12,L-SHADE,SHADE,-7.886696687608996e-05,0.7921590935438871,tie
uniformity,img4.png,otsu,3,L-SHADE,SHADE,0.0,1.0,tie
uniformity,img4.png,otsu,5,L-SHADE,SHADE,4.316489681022162e-06,0.15581434863817367,tie
uniformity,img4.png,otsu,7,L-SHADE,SHADE,-1.648845124568865e-05,0.03841841779649258,loss
uniformity,img4.png,otsu,9,L-SHADE,SHADE,-8.849520430331825e-05,0.010598260909318924,loss
uniformity,img4.png,otsu,11,L-SHADE,SHADE,-0.000216341301092271,8.326023817062378e-07,loss
uniformity,img4.png,otsu,12,L-SHADE,SHADE,-0.0003531086059700428,3.855675458908081e-07,loss
uniformity,img4.png,tsallis,3,L-SHADE,SHADE,0.0,1.0,tie
uniformity,img4.png,tsallis,5,L-SHADE,SHADE,-0.00032270086791974517,0.37639639330114816,tie
uniformity,img4.png,tsallis,7,L-SHADE,SHADE,0.0003678386516856591,0.5561132747679949,tie
uniformity,img4.png,tsallis,9,L-SHADE,SHADE,-0.002487736499348525,0.17719271034002304,tie
uniformity,img4.png,tsallis,11,L-SHADE,SHADE,-0.001465487631536977,0.000283263623714447,loss
uniformity,img4.png,tsallis,12,L-SHADE,SHADE,-0.000806905959189752,0.01283373311161995,loss
uniformity,img4_gt.png,kapur,3,L-SHADE,SHADE,0.0,1.0,tie
uniformity,img4_gt.png,kapur,5,L-SHADE,SHADE,2.9308400442129567e-06,0.3806016461801647,tie
uniformity,img4_gt.png,kapur,7,L-SHADE,SHADE,-7.085860588607051e-05,0.8393927440047264,tie
uniformity,img4_gt.png,kapur,9,L-SHADE,SHADE,0.0004079430973408238,1.0,tie
uniformity,img4_gt.png,kapur,11,L-SHADE,SHADE,0.003025959838084624,0.685047073289752,tie
uniformity,img4_gt.png,kapur,12,L-SHADE,SHADE,-0.005068803979699998,0.5027610473334789,tie
uniformity,img4_gt.png,otsu,3,L-SHADE,SHADE,0.0,1.0,tie
uniformity,img4_gt.png,otsu,5,L-SHADE,SHADE,1.2003335658761216e-07,0.2376856553359633,tie
uniformity,img4_gt.png,otsu,7,L-SHADE,SHADE,2.874937671371036e-06,0.5026418221105523,tie
uniformity,img4_gt.png,otsu,9,L-SHADE,SHADE,-2.481246500807277e-05,6.286613643169403e-05,loss
uniformity,img4_gt.png,otsu,11,L-SHADE,SHADE,-7.056332730004389e-05,1.862645149230957e-08,loss
uniformity,img4_gt.png,otsu,12,L-SHADE,SHADE,-8.366431480077985e-05,1.30385160446167e-08,loss
uniformity,img4_gt.png,tsallis,3,L-SHADE,SHADE,0.0,1.0,tie
uniformity,img4_gt.png,tsallis,5,L-SHADE,SHADE,-2.618616161731424e-05,0.24634097056429305,tie
uniformity,img4_gt.png,tsallis,7,L-SHADE,SHADE,0.0005964592711336092,0.06056523136794567,tie
uniformity,img4_gt.png,tsallis,9,L-SHADE,SHADE,3.270863610971286e-05,0.46454504504799843,tie
uniformity,img4_gt.png,tsallis,11,L-SHADE,SHADE,6.135352377900638e-05,0.5291051845997572,tie
uniformity,img4_gt.png,tsallis,12,L-SHADE,SHADE,0.0006660460505807375,0.5698575973510742,tie
