K,algorithm,objective,mean,std
3,L-SHADE,kapur,23.671019745331964,0.058011389183424474
3,L-SHADE,otsu,23.691466484275118,0.01830064470033473
3,L-SHADE,tsallis,23.727245874874804,0.0
3,SHADE,kapur,23.736322930288843,0.15124484755953146
3,SHADE,otsu,23.77829744098334,0.20951159808991016
3,SHADE,tsallis,23.727323151148703,0.0005715354949916274
5,L-SHADE,kapur,26.215092723456976,0.20126173878284215
5,L-SHADE,otsu,24.595416963236097,0.21888544316889313
5,L-SHADE,tsallis,25.6820517976844,0.3091779517542865
5,SHADE,kapur,26.392237545382635,0.3385672712546155
5,SHADE,otsu,25.337980915336235,0.7344418987276844
5,SHADE,tsallis,25.9457914711541,0.5159657104174018
7,L-SHADE,kapur,27.89679432751935,0.8976769884246327
7,L-SHADE,otsu,25.05019931445228,0.45615053683177287
7,L-SHADE,tsallis,25.545970164285816,0.8001850593005879
7,SHADE,kapur,27.400796773786933,1.1335102579930723
7,SHADE,otsu,25.918884208429844,0.7920073431167169
7,SHADE,tsallis,26.171496906313198,0.7185040506194229
9,L-SHADE,kapur,28.155298639061883,0.6387926609903409
9,L-SHADE,otsu,25.410508207919666,0.6196740265915142
9,L-SHADE,tsallis,26.001877942788784,0.6835853964488126
9,SHADE,kapur,28.298766952794733,0.7260805396086848
9,SHADE,otsu,26.61158507955396,0.6383333011735445
9,SHADE,tsallis,26.58057464410312,0.9427623902957156
11,L-SHADE,kapur,29.024347279288573,0.6784964478580106
11,L-SHADE,otsu,26.219285998179746,0.6916947134216165
11,L-SHADE,tsallis,27.55001464695815,0.7153328971745935
11,SHADE,kapur,28.63689513230931,0.5657320673139812
11,SHADE,otsu,26.757881098962283,0.7271468444869761
11,SHADE,tsallis,27.329026370008055,0.7219223775546211
12,L-SHADE,kapur,29.264524481036343,0.6033154665379968
12,L-SHADE,otsu,22.339188095755784,1.0612945090341557
12,L-SHADE,tsallis,27.474091211587353,0.7916656833896961
12,SHADE,kapur,28.832213552444774,0.5634551163735441
12,SHADE,otsu,25.375313562350794,1.5263945382492812
12,SHADE,tsallis,27.392250628439974,0.7191908990193474
